Set number;Name;Set type;Theme group;Theme;Subtheme;Year released;Tags;Dimensions;Weight;Pieces;Minifigs;RRP;Age range;Packaging;Availability
3061;City Park Cafe;Normal;Girls;Friends;;2012;Andrea, Marie, Restaurant;38.2 x 26.2 x 5.6 cm ;0.57Kg (1.26 lb);222;2;£29.99 / $34.99 / 29.99€;6 - 12;Box;Retail
3063;Heartlake Flying Club;Normal;Girls;Friends;;2012;Stephanie, Aircraft, Airplane, Propeller Aircraft, Seaplane;;;195;1;£19.99 / $19.99 / 19.99€;6 - 12;Box;Retail
3065;Olivia's Tree House;Normal;Girls;Friends;;2012;Olivia;35.4 x 19.1 x 5.9 cm ;0.38Kg (0.84 lb);191;1;£19.99 / $19.99 / 19.99€;6 - 12;Box;Retail
3183;Stephanie's Cool Convertible;Normal;Girls;Friends;;2012;Stephanie, Car, Convertible, Dog, Lamppost, Puppy;26.2 x 14.1 x 4.8 cm ;0.21Kg (0.46 lb);130;1;£14.99 / $14.99 / 14.99€;6 - 12;Box;Retail
3184;Adventure Camper;Normal;Girls;Friends;;2012;Nicole, Olivia, Bbq, Bicycle, Camper Van, Camping, Trailer;38.2 x 26.2 x 5.6 cm ;0.47Kg (1.04 lb);309;2;£29.99 / $34.99 / 29.99€;6 - 12;Box;Retail
3185;Summer Riding Camp;Normal;Girls;Friends;;2012;Ella, Emma, Stephanie, Theresa, Horse, Stable, Trailer, Van;;;1112;4;£89.99 / $99.99 / 99.99€;7 - 12;Box;Retail
3186;Emma's Horse Trailer;Normal;Girls;Friends;;2012;Emma, Convertible, Horse, Trailer;;;218;1;£19.99 / $24.99 / 24.99€;6 - 12;Box;Retail
3187;Butterfly Beauty Shop;Normal;Girls;Friends;;2012;Emma, Sarah, Shop;28.2 x 26.2 x 6.4 cm ;0.47Kg (1.04 lb);221;2;£24.99 / $24.99 / 24.99€;6 - 12;Box;Retail
3188;Heartlake Vet;Normal;Girls;Friends;;2012;Mia, Sophie, Dog, Horse;48 x 28.2 x 6.1 cm ;0.82Kg (1.81 lb);343;2;£39.99 / $44.99 / 39.99€;6 - 12;Box;Retail
3189;Heartlake Stables;Normal;Girls;Friends;;2012;Katharina, Mia, Cat, Horse, Stable;54 x 28.2 x 5.9 cm ;0.95Kg (2.09 lb);401;2;£49.99 / $49.99 / 54.99€;6 - 12;Box;Retail
3315;Olivia's House;Normal;Girls;Friends;;2012;Anna, Olivia, Peter, Bbq, Cat, Furniture, House, Lawnmower, Tv;48 x 37.8 x 7 cm ;1.38Kg (3.04 lb);695;3;£69.99 / $74.99 / 69.99€;6 - 12;Box;Retail
3316;Friends Advent Calendar;Normal;Girls;Friends;Seasonal;2012;Christina, Olivia, Advent Calendar, Christmas, Christmas Tree, Dog, Lamppost, Sled, Snowman;38.2 x 26.2 x 7.1 cm ;0.35Kg (0.77 lb);193;2;£19.99 / $34.99 / 19.99€;5 - 12;Box;Retail - limited
3817;The Flying Dutchman;Normal;Licensed;SpongeBob SquarePants;;2012;Flying Dutchman, Patrick Star, Spongebob Squarepants, Cartoon, Galleon, Ghost, Ghost Ship, Island, Nickelodeon, Pirates, Ship;35.4 x 19.1 x 5.9 cm ;0.39Kg (0.86 lb);241;3;£24.99 / $24.99 / 29.99€;6 - 12;Box;Retail
3818;Bikini Bottom Undersea Party;Normal;Licensed;SpongeBob SquarePants;;2012;Mrs Puff, Patrick Star, Spongebob Squarepants, Squidward Tentacles, Balloons, Cartoon, Conch Street, Gary, House, Nickelodeon;48 x 28.2 x 6.1 cm ;0.77Kg (1.7 lb);471;4;£49.99 / $49.99 / 59.99€;6 - 12;Box;Retail
3930;Stephanie's Outdoor Bakery;Normal;Girls;Friends;;2012;Stephanie;12.2 x 9.1 x 4.7 cm ;0.06Kg (0.13 lb);45;1;£4.99 / $6.99 / 5.99€;5 - 12;Box;Retail
3931;Emma's Splash Pool;Normal;Girls;Friends;;2012;Emma, Swimming Pool;12.2 x 9.1 x 4.7 cm ;0.06Kg (0.13 lb);43;1;£4.99 / $5.99 / 5.99€;5 - 12;Box;Retail
3932;Andrea's Stage;Normal;Girls;Friends;;2012;Andrea, Musical, Piano;19.1 x 14.1 x 4.6 cm ;0.13Kg (0.29 lb);87;1;£9.99 / $9.99 / 9.99€;5 - 12;Box;Retail
3933;Olivia's Invention Workshop;Normal;Girls;Friends;;2012;Olivia, Blackboard, Microscope, Robot, Science, Tools;19.1 x 14.1 x 4.6 cm ;0.12Kg (0.26 lb);81;1;£9.99 / $9.99 / 9.99€;5 - 12;Box;Retail
3934;Mia's Puppy House;Normal;Girls;Friends;;2012;Mia;19.1 x 14.1 x 4.6 cm ;0.12Kg (0.26 lb);64;1;£9.99 / $9.99 / 9.99€;5 - 12;Box;Retail
3935;Stephanie's Pet Patrol;Normal;Girls;Friends;;2012;Stephanie;19.1 x 14.1 x 4.6 cm ;0.12Kg (0.26 lb);73;1;£9.99 / $9.99 / 9.99€;5 - 12;Box;Retail
3936;Emma's Fashion Design Studio;Normal;Girls;Friends;;2012;Emma, Camera;19.1 x 14.1 x 4.6 cm ;0.12Kg (0.26 lb);79;1;£9.99 / $9.99 / 9.99€;5 - 12;Box;Retail
3937;Olivia's Speedboat;Normal;Girls;Friends;;2012;Olivia, Speedboat;19.1 x 14.1 x 4.6 cm ;0.13Kg (0.29 lb);65;1;£9.99 / $9.99 / 9.99€;5 - 12;Box;Retail
3938;Andrea's Bunny House;Normal;Girls;Friends;;2012;Andrea;19.1 x 14.1 x 4.6 cm ;0.11Kg (0.24 lb);62;1;£9.99 / $9.99 / 9.99€;5 - 12;Box;Retail
3939;Mia's Bedroom;Normal;Girls;Friends;;2012;Mia, Musical;19.1 x 14.1 x 4.6 cm ;0.13Kg (0.29 lb);85;1;£9.99 / $9.99 / 9.99€;5 - 12;Box;Retail
3942;Heartlake Dog Show;Normal;Girls;Friends;;2012;Mia, Dog;35.4 x 19.1 x 5.9 cm ;0.37Kg (0.81 lb);183;1;£19.99 / $19.99 / 19.99€;5 - 12;Box;Retail
4200;Mining 4x4;Normal;Modern day;City;Mining;2012;Pickup Truck;19.1 x 14.1 x 6.1 cm ;0.15Kg (0.33 lb);102;1;£7.99 / $11.99 / 9.99€;5 - 12;Box;Retail
4201;Loader and Tipper;Normal;Modern day;City;Mining;2012;Front Loader, Tipper Truck;26.2 x 19.1 x 6.1 cm ;0.3Kg (0.66 lb);139;2;£12.99 / $17.99 / 14.99€;5 - 12;Box;Retail
4202;Mining Truck;Normal;Modern day;City;Mining;2012;Dump Truck;38.2 x 26.2 x 7.1 cm ;0.69Kg (1.52 lb);269;1;£19.99 / $34.99 / 19.99€;5 - 12;Box;Retail
4203;Excavator Transporter;Normal;Modern day;City;Mining;2012;Excavator, Transport Vehicle;38.2 x 26.2 x 7.1 cm ;0.68Kg (1.5 lb);305;2;£24.99 / $39.99 / 34.99€;5 - 12;Box;Retail
4204;The Mine;Normal;Modern day;City;Mining;2012;Articulated Lorry, Cave, Crane, Freight Train, Mining, Stone, Trailer, Transport Vehicle, Truck;58.2 x 37.8 x 8.7 cm ;1.74Kg (3.83 lb);748;4;£69.99 / $99.99 / 79.99€;6 - 12;Box;Retail
4205;Off-Road Command Centre;Normal;Modern day;City;Forest Police;2012;Hovercraft, Police Car, Speedboat, Trailer, Transport Vehicle;;;403;3;£34.99 / $39.99 / 39.99€;5 - 12;Box;Retail - limited
4206;Recycling Truck;Normal;Modern day;City;Traffic;2012;Forklift, Refuse Truck, Transport Vehicle, Truck;;;297;3;£24.99 / $29.99 / 29.99€;5 - 12;Box;Retail - limited
4207;City Garage;Normal;Modern day;City;Traffic;2012;Baseplate, Car, Car Wash, Octan, Parking Garage, Pickup Truck, Service Station, Tow Truck, Van;;;933;5;£79.99 / $119.99 / 99.99€;6 - 12;Box;Retail - limited
4208;Fire Truck;Normal;Modern day;City;Forest Fire;2012;Fire, Fire Truck;35.4 x 19.1 x 5.9 cm ;0.44Kg (0.97 lb);243;1;£17.99 / $19.99 / 19.99€;5 - 12;Box;Retail
4209;Fire Plane;Normal;Modern day;City;Forest Fire;2012;4X4, Aircraft, Airplane, Fire, Fire Car, Propeller Aircraft, Seaplane, Trailer;54 x 28.2 x 5.9 cm ;1.02Kg (2.25 lb);522;3;£39.99 / $59.99 / 49.99€;6 - 12;Box;Retail
4427;Fire ATV;Normal;Modern day;City;Forest Fire;2012;4X4, Fire, Fire Car, Quad Bike;12.2 x 9.1 x 5.8 cm ;0.07Kg (0.15 lb);50;1;£3.99 / $5.99 / 4.99€;5 - 12;Box;Retail
4428;City Advent Calendar;Normal;Modern day;City;Seasonal;2012;Advent Calendar, Christmas, Christmas Tree, Dog, Fire Truck, Quad Bike, Santa Claus, Snowmobile;38.2 x 26.2 x 7.1 cm ;0.4Kg (0.88 lb);248;7;£19.99 / $39.99 / 19.99€;5 - 12;Box;Retail - limited
4429;Helicopter Rescue;Normal;Modern day;City;Medical;2012;Ambulance, Helicopter, Hospital;;;425;4;£34.99 / $59.99 / 49.99€;5 - 12;Box;Retail - limited
4430;Fire Transporter;Normal;Modern day;City;Forest Fire;2012;4X4, Articulated Lorry, Fire, Fire Truck, Mobile Base, Trailer, Transport Vehicle;;;522;3;£39.99 / $49.99 / 49.99€;5 - 12;Box;Retail - limited
4431;Ambulance;Normal;Modern day;City;Medical;2012;Ambulance, Bicycle, Traffic Light;35.4 x 19.1 x 5.9 cm ;0.4Kg (0.88 lb);199;3;£14.99 / $19.99 / 19.99€;5 - 12;Box;Retail
4432;Garbage Truck;Normal;Modern day;City;Traffic;2012;Fish, Refuse Truck, Service Vehicle;26.2 x 19.1 x 7.2 cm ;0.41Kg (0.9 lb);208;2;£17.99 / $19.99 / 19.99€;5 - 12;Box;Retail
4433;Dirt Bike Transporter;Normal;Modern day;City;Traffic;2012;4X4, Motorcycle, Trailer;26.2 x 19.1 x 6.1 cm ;0.36Kg (0.79 lb);201;2;£17.99 / $19.99 / 19.99€;5 - 12;Box;Retail
4434;Dump Truck;Normal;Modern day;City;Traffic;2012;Construction, Dump Truck, Tipper Truck;35.4 x 19.1 x 5.9 cm ;0.39Kg (0.86 lb);222;2;£14.99 / $19.99 / 19.99€;5 - 12;Box;Retail
4435;Car and Caravan;Normal;Modern day;City;Traffic;2012;Bicycle, Camper, Camping, Car, Trailer;35.4 x 19.1 x 5.9 cm ;0.42Kg (0.93 lb);218;2;£14.99 / $19.99 / 19.99€;5 - 12;Box;Retail
4436;Patrol Car;Normal;Modern day;City;Forest Police;2012;Police Car;19.1 x 14.1 x 4.6 cm ;0.15Kg (0.33 lb);97;2;£7.99 / $11.99 / 9.99€;5 - 12;Box;Retail
4437;Police Pursuit;Normal;Modern day;City;Forest Police;2012;4X4, Off Roader, Pickup Truck, Police Car, Quad Bike;26.2 x 19.1 x 4.6 cm ;0.28Kg (0.62 lb);129;2;£12.99 / $17.99 / 14.99€;5 - 12;Box;Retail
4438;Robbers' Hideout;Normal;Modern day;City;Forest Police;2012;4X4, Bear, Criminal Hideout, Forest, Hot Rod, House, Motor Tricycle, Motor Trike, Off Roader, Police Car, Sports Car, Truck;;;317;4;£34.99 / $39.99 / 39.99€;5 - 12;Box;Retail - limited
4439;Heavy-Lift Helicopter;Normal;Modern day;City;Forest Police;2012;4X4, Helicopter, Police, Police Helicopter;48 x 28.2 x 7.4 cm ;0.94Kg (2.07 lb);393;3;£34.99 / $49.99 / 39.99€;6 - 12;Box;Retail
4440;Forest Police Station;Normal;Modern day;City;Forest Police;2012;4X4, Bear, Forest, Helicopter, Police Car, Police Helicopter, Police Station, Quad Bike, Truck;48 x 37.8 x 7.1 cm ;1.33Kg (2.93 lb);633;5;£59.99 / $79.99 / 69.99€;6 - 12;Box;Retail
4441;Police Dog Van;Normal;Modern day;City;Forest Police;2012;Convertible, Criminal Hideout, Dog, Mining, Police Car, Van;38.2 x 26.2 x 5.6 cm ;0.55Kg (1.21 lb);313;2;£19.99 / $34.99 / 29.99€;5 - 12;Box;Retail
4442;Glider;Normal;Modern day;City;Airport;2012;Aircraft, Airline Promo, Convertible, Glider;;;101;2;£15.00;5 - 12;Box;Promotional (Airline)
4473;Police Helicopter;Normal;Modern day;City;Police;2012;Airline Promo, Helicopter, Police, Police Helicopter;19 x 9.6 x 5.8 cm ;;112;2;£17.99 / $17.99;5 - 12;Box;Promotional (Airline)
4526;Batman;Normal;Licensed;DC Comics Super Heroes;Constraction;2012;Ccbs, Justice League, Super Hero, Ultrabuild;14.1 x 26.2 x 4.8 cm ;0.21Kg (0.46 lb);40;;£10.99 / $14.99 / 14.99€;6 - 12;Box;Retail
4527;The Joker;Normal;Licensed;DC Comics Super Heroes;Constraction;2012;Ccbs, Rogues Gallery, Ultrabuild;14.1 x 26.2 x 4.8 cm ;0.2Kg (0.44 lb);57;;£10.99 / $14.99 / 14.99€;6 - 12;Box;Retail
4528;Green Lantern;Normal;Licensed;DC Comics Super Heroes;Constraction;2012;Ccbs, Green Lantern Corps, Justice League, Super Hero, Ultrabuild;14.1 x 26.2 x 4.8 cm ;0.2Kg (0.44 lb);38;;£10.99 / $14.99 / 14.99€;6 - 12;Box;Retail
4529;Iron Man;Normal;Licensed;Marvel Super Heroes;Constraction;2012;Avengers, Ccbs, Super Hero, Ultrabuild;14.1 x 26.2 x 4.8 cm ;0.2Kg (0.44 lb);44;;£10.99 / $14.99 / 14.99€;6 - 12;Box;Retail
4530;The Hulk;Normal;Licensed;Marvel Super Heroes;Constraction;2012;Avengers, Ccbs, Super Hero, Ultrabuild;14.1 x 26.2 x 4.8 cm ;0.2Kg (0.44 lb);39;;£10.99 / $14.99 / 14.99€;6 - 12;Box;Retail
4597;Captain America;Normal;Licensed;Marvel Super Heroes;Constraction;2012;Avengers, Ccbs, Super Hero, Ultrabuild, USA;14.1 x 26.2 x 4.8 cm ;0.2Kg (0.44 lb);44;;£10.99 / $14.99 / 14.99€;6 - 12;Box;Retail
4623;Pink Brick Box;Normal;Pre-school;Duplo;;2012;;28.8 x 19.2 x 19.5 cm ;0.6Kg (1.32 lb);30;;£12.99 / $14.99 / 17.99€;1 - 5;Tub;Retail
4624;Brick Box Green;Normal;Pre-school;Duplo;;2012;;28.8 x 19.2 x 19.5 cm ;0.6Kg (1.32 lb);31;;£12.99 / $14.99 / 17.99€;1 - 5;Tub;Retail
4625;Pink Brick Box;Normal;Basic;Bricks and More;;2012;;28.8 x 19.2 x 19.5 cm ;0.59Kg (1.3 lb);224;1;£12.99 / $14.99 / 17.99€;4+;Tub;Retail
4626;Farm Brick Box;Normal;Basic;Bricks and More;;2012;;28.8 x 19.2 x 19.5 cm ;0.62Kg (1.37 lb);232;1;£12.99 / $14.99 / 17.99€;4+;Tub;Retail
4627;Fun With Bricks;Normal;Pre-school;Duplo;;2012;;;;85;;£19.99 / $29.99 / 24.99€;1 - 5;Box;Retail
4628;Fun With Bricks;Normal;Basic;Bricks and More;;2012;;;;600;;£19.99 / $29.99 / 24.99€;4+;Box;Retail
4629;Build & Play Box;Normal;Pre-school;Duplo;;2012;;;;150;;£39.99 / $59.99 / 39.99€;2 - 5;Box;Retail
4630;Build & Play Box;Normal;Basic;Make and Create;;2012;;;;1000;;£39.99 / 39.99€;4+;Box;Retail
4631;My First Build;Normal;Pre-school;Duplo;;2012;;38.2 x 26.2 x 9.4 cm ;0.89Kg (1.96 lb);59;1;£19.99 / $24.99 / 24.99€;1 - 5;Box;Retail
4632;Building Plates;Normal;Pre-school;Duplo;Accessories;2012;;25.6 x 25.6 x 1.6 cm ;0.25Kg (0.55 lb);3;;£7.99 / $9.99 / 9.99€;2 - 5;Shrink-wrapped;Retail
4635;Fun With Vehicles;Normal;Basic;Bricks and More;;2012;;38.2 x 26.2 x 7.1 cm ;0.82Kg (1.81 lb);525;2;£24.99 / $29.99 / 29.99€;4+;Box;Retail
4636;Police Building Set;Normal;Basic;Bricks and More;;2012;Police Car, Police Station;19.1 x 14.1 x 6.1 cm ;0.19Kg (0.42 lb);130;2;£7.99 / $9.99 / 7.99€;4+;Box;Retail
4637;Safari Building Set;Normal;Basic;Bricks and More;;2012;;19.1 x 14.1 x 6.1 cm ;0.18Kg (0.4 lb);152;2;£7.99 / $9.99 / 7.99€;4+;Box;Retail
5882;Ambush Attack;Normal;Action/Adventure;Dino;;2012;4X4, Coelophysis, Dinosaur;19.1 x 14.1 x 4.6 cm ;0.11Kg (0.24 lb);80;1;£8.99 / $11.99 / 9.99€;5 - 12;Box;Retail
5883;Tower Takedown;Normal;Action/Adventure;Dino;;2012;Dinosaur, Jetski, Pteranodon;28.2 x 26.2 x 4.6 cm ;0.35Kg (0.77 lb);136;1;£17.99 / $19.99 / 19.99€;5 - 12;Box;Retail
5884;Raptor Chase;Normal;Action/Adventure;Dino;;2012;4X4, 8 Wide Car, Dinosaur, Raptor;38.2 x 26.2 x 5.6 cm ;0.52Kg (1.15 lb);259;2;£24.99 / $29.99 / 29.99€;5 - 12;Box;Retail
5885;Triceratops Trapper;Normal;Action/Adventure;Dino;;2012;Dinosaur, Truck;54 x 28.2 x 7.8 cm ;0.89Kg (1.96 lb);271;2;£39.99 / $49.99 / 49.99€;6 - 12;Box;Retail
5886;T-Rex Hunter;Normal;Action/Adventure;Dino;;2012;4X4, Dinosaur, Helicopter, Tyrannosaurus Rex;48 x 37.8 x 7.1 cm ;1.11Kg (2.44 lb);480;2;£49.99 / $69.99 / 69.99€;7 - 12;Box;Retail
5887;Dino Defense HQ;Normal;Action/Adventure;Dino;;2012;4X4, Coelophysis, Dinosaur, Helicopter, Raptor, Tyrannosaurus Rex;58.2 x 37.8 x 8.7 cm ;1.95Kg (4.3 lb);793;4;£79.99 / $99.99 / 99.99€;6 - 12;Box;Retail
5888;Ocean Interceptor;Normal;Action/Adventure;Dino;;2012;Aircraft, Airplane, Dinosaur, Jetski, Propeller Aircraft, Pteranodon, Seaplane;;;222;2;£29.99 / $34.99 / 34.99€;6 - 12;Box;Retail - limited
6132;Red;Normal;Pre-school;Duplo;Cars;2012;Fire Truck, Pixar;26.2 x 14.1 x 7.2 cm ;0.25Kg (0.55 lb);13;;£12.99 / $14.99 / 14.99€;2 - 5;Box;Retail
6133;Race Day;Normal;Pre-school;Duplo;Cars;2012;Lightning Mcqueen, Pixar;35.4 x 19.1 x 7 cm ;0.46Kg (1.01 lb);26;;£19.99 / $24.99 / 24.99€;2 - 5;Box;Retail
6134;Siddeley Saves The Day;Normal;Pre-school;Duplo;Cars;2012;Holley Shiftwell, Pixar, Tow Mater;38.2 x 26.2 x 7.1 cm ;0.64Kg (1.41 lb);34;;£29.99 / $34.99 / 34.99€;2 - 5;Box;Retail
6141;My First Farm;Normal;Pre-school;Duplo;Farm;2012;;38.2 x 26.2 x 9.4 cm ;0.82Kg (1.81 lb);62;1;£19.99 / $24.99;2 - 5;Box;Retail
6143;Racing Team;Normal;Pre-school;Duplo;;2012;;;0.61Kg (1.34 lb);34;2;£24.99 / 29.99€;3 - 6;Box;Retail
6144;Zoo Train;Normal;Pre-school;Duplo;Zoo;2012;Freight Train, Steam Locomotive;;;12;1;;1 - 5;Box;Retail
6146;Tow Truck;Normal;Pre-school;Duplo;;2012;;;;17;1;;2 - 5;Box;Retail
6151;Sleeping Beauty's Room;Normal;Pre-school;Duplo;Disney Princess;2012;Disney, Disney Classics, Sleeping Beauty;26.2 x 14.1 x 7.2 cm ;0.21Kg (0.46 lb);16;1;£9.99 / $12.99 / 12.99€;2 - 5;Box;Retail
6152;Snow White's Cottage;Normal;Pre-school;Duplo;Disney Princess;2012;Disney, Disney Classics;26.2 x 19.1 x 7.2 cm ;0.33Kg (0.73 lb);28;1;£12.99 / $14.99 / 14.99€;2 - 5;Box;Retail
6153;Cinderella's Carriage;Normal;Pre-school;Duplo;Disney Princess;2012;Disney, Disney Classics;28.2 x 26.2 x 7.6 cm ;0.45Kg (0.99 lb);20;1;£19.99 / $24.99 / 24.99€;2 - 5;Box;Retail
6154;Cinderella's Castle;Normal;Pre-school;Duplo;Disney Princess;2012;Disney, Disney Classics;48 x 37.8 x 9.4 cm ;1.35Kg (2.97 lb);77;2;£39.99 / $39.99 / 49.99€;2 - 5;Box;Retail
6156;Photo Safari;Normal;Pre-school;Duplo;Zoo;2012;;;1.42Kg (3.13 lb);67;3;£49.99 / $59.99 / 59.99€;2 - 5;Box;Retail
6157;The Big Zoo;Normal;Pre-school;Duplo;Zoo;2012;;;;147;4;£79.99 / $89.99 / 99.99€;2 - 5;Box;Retail
6158;Animal Clinic;Normal;Pre-school;Duplo;Zoo;2012;;;1.05Kg (2.31 lb);62;2;£29.99 / $39.99 / 39.99€;2 - 5;Box;Retail
6168;Fire Station;Normal;Pre-school;Duplo;Fire;2012;;;;63;2;£39.99 / 49.99€;2 - 5;Box;Retail
6169;Fire Chief;Normal;Pre-school;Duplo;Fire;2012;;19.1 x 14.1 x 7.1 cm ;0.16Kg (0.35 lb);6;1;£7.99 / $9.99 / 9.99€;1 - 5;Box;Retail
6171;Gas Station;Normal;Pre-school;Duplo;;2012;Bathroom, Octan;38.2 x 26.2 x 9.4 cm ;0.91Kg (2 lb);45;2;£29.99 / $29.99 / 34.99€;2 - 5;Box;Retail
6172;Zoo Truck;Normal;Pre-school;Duplo;Zoo;2012;;;0.47Kg (1.04 lb);8;1;£19.99 / $19.99 / 19.99€;2 - 5;Box;Retail
6173;Panda;Normal;Pre-school;Duplo;Zoo;2012;;;;8;1;$7.99 / 7.99€;1 - 5;Box;Retail
6200;Evo;Normal;Constraction;HERO Factory;;2012;Breakout, Ccbs, HERO Factory Hero, Nathan Evo;17 x 23 x 7 cm ;0.12Kg (0.26 lb);36;;£6.99 / $8.99 / 9.99€;6 - 12;;
6201;Toxic Reapa;Normal;Constraction;HERO Factory;;2012;Breakout, Ccbs, HERO Factory Villain;17 x 23 x 7 cm ;0.13Kg (0.29 lb);42;;£6.99 / $8.99 / 9.99€;6 - 12;;
6202;Rocka;Normal;Constraction;HERO Factory;;2012;Breakout, Ccbs, HERO Factory Hero, Rocka;19.5 x 28 x 7 cm ;0.15Kg (0.33 lb);55;;£9.99 / $12.99 / 12.99€;7 - 14;;
6203;Black Phantom;Normal;Constraction;HERO Factory;;2012;Breakout, Ccbs, HERO Factory Villain, Titan;26.2 x 28.2 x 4.6 cm ;0.4Kg (0.88 lb);124;;£14.99 / $19.99 / 19.99€;9 - 16;;
6216;Jawblade;Normal;Constraction;HERO Factory;;2012;Breakout, Ccbs, HERO Factory Villain;17 x 23 x 7 cm ;0.11Kg (0.24 lb);45;;£6.99 / $8.99 / 9.99€;6 - 12;;
6217;Surge;Normal;Constraction;HERO Factory;;2012;Breakout, Ccbs, HERO Factory Hero, Mark Surge;17 x 23 x 7 cm ;0.12Kg (0.26 lb);39;;£6.99 / $8.99 / 9.99€;6 - 12;;
6218;Splitface;Normal;Constraction;HERO Factory;;2012;Breakout, Ccbs, HERO Factory Villain;19.5 x 28 x 7 cm ;0.15Kg (0.33 lb);50;;£9.99 / $12.99 / 12.99€;7 - 14;;
6221;Nex;Normal;Constraction;HERO Factory;;2012;Breakout, Ccbs, HERO Factory Hero, Julius Nex;17 x 23 x 8.5 cm ;0.11Kg (0.24 lb);39;;£6.99 / $8.99 / 9.99€;6 - 12;;
6222;Core Hunter;Normal;Constraction;HERO Factory;;2012;Breakout, Ccbs, HERO Factory Villain;19.5 x 28 x 8 cm ;0.16Kg (0.35 lb);51;;£9.99 / $12.99 / 12.99€;7 - 14;;
6223;Bulk;Normal;Constraction;HERO Factory;;2012;Breakout, Ccbs, Dunkan Bulk, HERO Factory Hero;19.5 x 28 x 7.5 cm ;0.16Kg (0.35 lb);61;;£9.99 / $12.99 / 12.99€;7 - 14;;
6227;Breez;Normal;Constraction;HERO Factory;;2012;Breakout, Ccbs, Female, HERO Factory Hero, Natalie Breez;19.5 x 28 x 7 cm ;0.14Kg (0.31 lb);55;;£9.99 / $12.99 / 12.99€;7 - 14;;
6228;Thornraxx;Normal;Constraction;HERO Factory;;2012;Breakout, Ccbs, HERO Factory Villain;17 x 23 x 7 cm ;0.1Kg (0.22 lb);44;;£6.99 / $8.99 / 9.99€;6 - 12;;
6229;XT4;Normal;Constraction;HERO Factory;;2012;Breakout, Ccbs, HERO Factory Villain;17 x 23 x 8 cm ;0.11Kg (0.24 lb);39;;£6.99 / $8.99 / 9.99€;6 - 12;;
6230;Stormer XL;Normal;Constraction;HERO Factory;;2012;Breakout, Ccbs, HERO Factory Hero, Hero Factory Xl, Preston Stormer, Titan;26.2 x 28.2 x 4.6 cm ;0.37Kg (0.81 lb);89;;£14.99 / $24.99 / 29.99€;8 - 16;Box;Retail
6231;Speeda Demon;Normal;Constraction;HERO Factory;;2012;Breakout, Ccbs, Hero Factory Vehicles, HERO Factory Villain, Large Scale Vehicle, Motorcycle, Titan;38.2 x 26.2 x 5.6 cm ;0.56Kg (1.23 lb);192;;£24.99 / $34.99 / 29.99€;9 - 16;;
6282;Stringer;Normal;Constraction;HERO Factory;;2012;Breakout, Ccbs, HERO Factory Hero, Jimi Stringer;17 x 23 x 7 cm ;0.11Kg (0.24 lb);42;;£6.99 / $8.99 / 9.99€;6 - 12;;
6283;Voltix;Normal;Constraction;HERO Factory;;2012;Breakout, Ccbs, HERO Factory Villain;19 x 28 x 7 cm ;0.15Kg (0.33 lb);61;;£9.99 / $12.99 / 9.99€;7 - 14;;
6293;Furno;Normal;Constraction;HERO Factory;;2012;Breakout, Ccbs, HERO Factory Hero, William Furno;19.5 x 28 x 7 cm ;0.15Kg (0.33 lb);56;;£9.99 / $12.99 / 12.99€;7 - 14;;
6758;Grow Caterpillar Grow!;Normal;Pre-school;Duplo;;2012;;21.2 x 20.3 x 7.1 cm ;0.37Kg (0.81 lb);17;;£9.99 / $12.99 / 14.99€;1 - 4;Blister pack;Retail
6759;Busy Farm;Normal;Pre-school;Duplo;;2012;;21.2 x 20.3 x 7.1 cm ;0.37Kg (0.81 lb);15;;£9.99 / $12.99 / 14.99€;1 - 4;Blister pack;Retail
6760;Let's Go! Wroom!;Normal;Pre-school;Duplo;;2012;;21.2 x 20.3 x 7.1 cm ;0.34Kg (0.75 lb);12;;£9.99 / $12.99 / 14.99€;1 - 4;Blister pack;Retail
6784;Creative Sorter;Normal;Pre-school;Duplo;;2012;;20.3 x 20.3 x 19.2 cm ;0.56Kg (1.23 lb);23;;£17.99 / $14.99 / 24.99€;1 - 5;Tub;Retail
6785;Creative Cakes;Normal;Pre-school;Duplo;;2012;;37.6 x 20 x 19 cm ;0.89Kg (1.96 lb);55;;£19.99 / $24.99 / 29.99€;2 - 5;Other;Retail
6857;The Dynamic Duo Funhouse Escape;Normal;Licensed;DC Comics Super Heroes;Batman;2012;Batman, Harley Quinn, Robin, The Joker, The Riddler, Batcycle, Cart, Funhouse, Gotham City, Rogues Gallery;;;380;5;£39.99 / $39.99 / 49.99€;7 - 14;Box;Retail - limited
6858;Catwoman Catcycle City Chase;Normal;Licensed;DC Comics Super Heroes;Batman;2012;Batman, Catwoman, Glider, Gotham City, Motorcycle, Traffic Light;19.1 x 14.1 x 4.6 cm ;0.11Kg (0.24 lb);89;2;£11.99 / $12.99 / 14.99€;5 - 12;Box;Retail
6860;The Batcave;Normal;Licensed;DC Comics Super Heroes;Batman;2012;Bane, Batman, Bruce Wayne, Poison Ivy, Robin, Batcomputer, Batcycle, Cave, Drill, Rogues Gallery, Tracked Vehicle;48 x 37.8 x 7.1 cm ;1.38Kg (3.04 lb);690;5;£69.99 / $69.99 / 79.99€;7 - 14;Box;Retail
6862;Superman vs. Power Armor Lex;Normal;Licensed;DC Comics Super Heroes;Superman;2012;Lex Luthor, Superman, Wonder Woman, Justice League, Kryptonite, Lexcorp, Mech, Robot;19.1 x 26.2 x 6.1 cm ;0.32Kg (0.7 lb);207;3;£19.99 / $19.99 / 26.99€;6 - 12;Box;Retail
6863;Batwing Battle Over Gotham City;Normal;Licensed;DC Comics Super Heroes;Batman;2012;Batman, The Joker, The Joker’s Henchman, Batwing, Helicopter, The Joker Chopper;38.2 x 26.2 x 5.6 cm ;0.58Kg (1.28 lb);278;3;£34.99 / $34.99 / 39.99€;7 - 14;Box;Retail
6864;Batmobile and the Two-Face Chase;Normal;Licensed;DC Comics Super Heroes;Batman;2012;Batman, Guard, Two-Face, Two-Face’s Henchman, Bank, Batmobile, Gcpd, Gotham City, Safe, Truck;48 x 28.2 x 6.1 cm ;0.95Kg (2.09 lb);531;5;£49.99 / $49.99 / 59.99€;7 - 14;Box;Retail
6865;Captain America's Avenging Cycle;Normal;Licensed;Marvel Super Heroes;Avengers;2012;Captain America, Chitauri , Chitauri General, Marvel Cinematic Universe, Motorcycle, S.H.I.E.L.D., USA;19.1 x 14.1 x 4.6 cm ;0.11Kg (0.24 lb);72;3;£11.99 / $12.99 / 14.99€;5 - 12;Box;Retail
6866;Wolverine's Chopper Showdown;Normal;Licensed;Marvel Super Heroes;Comics;2012;Deadpool, Magneto, Wolverine, Helicopter, Motorcycle, X Men;26.2 x 19.1 x 6.1 cm ;0.34Kg (0.75 lb);199;3;£19.99 / $19.99 / 26.99€;6 - 12;Box;Retail
6867;Loki's Cosmic Cube Escape;Normal;Licensed;Marvel Super Heroes;Avengers;2012;Hawkeye, Iron Man, Loki, Infinity Stone, Marvel Cinematic Universe, S.H.I.E.L.D., Truck;26.2 x 19.1 x 6.1 cm ;0.35Kg (0.77 lb);181;3;£19.99 / $19.99 / 26.99€;6 - 12;Box;Retail
6868;Hulk's Helicarrier Breakout;Normal;Licensed;Marvel Super Heroes;Avengers;2012;Hawkeye, Hulk, Loki, Thor, Bigfig, Jet Aircraft, Lab, Marvel Cinematic Universe, S.H.I.E.L.D.;48 x 28.2 x 6.1 cm ;0.87Kg (1.92 lb);389;4;£49.99 / $49.99 / 59.99€;7 - 14;Box;Retail
6869;Quinjet Aerial Battle;Normal;Licensed;Marvel Super Heroes;Avengers;2012;Black Widow, Chitauri , Iron Man, Loki, Thor, Marvel Cinematic Universe, Quinjet, S.H.I.E.L.D.;48 x 37.8 x 7.1 cm ;1.43Kg (3.15 lb);735;5;£69.99 / $69.99 / 79.99€;8 - 14;Box;Retail
6873;Spider-Man's Doc Ock Ambush;Normal;Licensed;Marvel Super Heroes;Ultimate Spider-Man;2012;Doctor Octopus, Iron Fist, Spider-Man, Cartoon, Heroes For Hire, Sinister Six;;;295;3;£34.99 / $29.99 / 39.99€;6 - 12;Box;Retail - limited
6910;Mini Sports Car;Normal;Basic;Creator;;2012;Car, Multibuild;10.2 x 14.4 x 4.8 cm ;0.1Kg (0.22 lb);70;;£4.99 / $5.99 / 5.99€;6 - 12;Canister;Retail
6911;Mini Fire Truck;Normal;Basic;Creator;;2012;Fire, Fire Truck, Helicopter, Multibuild;10.2 x 14.4 x 4.8 cm ;0.1Kg (0.22 lb);69;;£4.99 / $5.99 / 5.99€;6 - 12;Canister;Retail
6912;Super Soarer;Normal;Basic;Creator;;2012;Helicopter, Jet Aircraft, Multibuild, Speedboat;26.2 x 14.1 x 4.8 cm ;0.26Kg (0.57 lb);130;;£9.99 / $14.99 / 9.99€;6 - 12;Box;Retail
6913;Blue Roadster;Normal;Basic;Creator;;2012;8 Wide Car, Car, Convertible, Jeep, Multibuild, Off Roader, Sports Car;26.2 x 14.1 x 4.8 cm ;0.27Kg (0.59 lb);152;;£9.99 / $14.99 / 9.99€;6 - 12;Box;Retail
6914;Prehistoric Hunters;Normal;Basic;Creator;;2012;Brick Built Animals, Dinosaur, Multibuild;26.2 x 19.1 x 4.6 cm ;0.31Kg (0.68 lb);191;;£12.99 / $17.99 / 14.99€;7 - 12;Box;Retail
7291;Street Rebel;Normal;Basic;Creator;;2012;Motorcycle, Multibuild;28.2 x 26.2 x 4.6 cm ;0.5Kg (1.1 lb);196;;£17.99 / $19.99 / 19.99€;7 - 12;Box;Retail
7292;Propeller Adventures;Normal;Basic;Creator;;2012;Aircraft, Hovercraft, Jet Aircraft, Multibuild, Propeller Aircraft;28.2 x 26.2 x 4.6 cm ;0.48Kg (1.06 lb);241;;£17.99 / $19.99 / 19.99€;7 - 12;Box;Retail
7345;Transport Chopper;Normal;Basic;Creator;;2012;Car, Ferry, Helicopter, Multibuild, Propeller Aircraft, Seaplane, Transport Vehicle;38.2 x 26.2 x 5.6 cm ;0.74Kg (1.63 lb);383;;£24.99 / $34.99 / 29.99€;8 - 12;Box;Retail
7346;Seaside House;Normal;Basic;Creator;;2012;Bbq, Beach, Bird, Brick Built Animals, Crab, Fish, House, Multibuild, Surfing;48 x 28.2 x 6.1 cm ;1.03Kg (2.27 lb);415;1;£34.99 / $49.99 / 39.99€;7 - 12;Box;Retail
7347;Highway Pickup;Normal;Basic;Creator;;2012;12 Wide Car, 12 Wide Truck, Breakdown Recovery, Car, Convertible, Light Brick, Mobile Crane, Multibuild, Off Roader, Service Vehicle, Transport Vehicle, Truck;48 x 37.8 x 7.1 cm ;1.64Kg (3.61 lb);805;;£59.99 / $79.99 / 59.99€;9 - 12;Box;Retail
9092;Crazy Demon;Normal;Racing;Racers;;2012;;19.1 x 14.1 x 7.1 cm ;0.18Kg (0.4 lb);86;1;£7.99 / $9.99 / 9.99€;7 - 12;Box;Retail
9093;Bone Cruncher;Normal;Racing;Racers;;2012;;19.1 x 14.1 x 7.1 cm ;0.18Kg (0.4 lb);87;1;£7.99 / $9.99 / 9.99€;7 - 12;Box;Retail
9094;Star Striker;Normal;Racing;Racers;;2012;;19.1 x 14.1 x 7.1 cm ;0.19Kg (0.42 lb);88;1;£7.99 / $9.99 / 9.99€;7 - 12;Box;Retail
9095;Nitro Predator;Normal;Racing;Racers;;2012;;19.1 x 14.1 x 7.1 cm ;0.18Kg (0.4 lb);87;1;£7.99 / $9.99 / 9.99€;7 - 12;Box;Retail
9209;Community Services Set;Normal;Educational;Education;Duplo;2012;;;;130;12;;;;
9388;Small building plates;Normal;Educational;Education;;2012;;;0.51Kg (1.12 lb);22;;;;;
9389;Community Starter Set;Normal;Educational;Education;;2012;;;3.2Kg (7.05 lb);1907;;;;Tub;Educational
9390;Mini Tow Truck;Normal;Technical;Technic;;2012;Tow Truck, Truck;19.1 x 14.1 x 6.1 cm ;0.2Kg (0.44 lb);136;;£6.99 / $11.99 / 9.99€;7 - 14;Box;Retail
9391;Tracked Crane;Normal;Technical;Technic;;2012;Crane, Tracked Vehicle;26.2 x 19.1 x 4.6 cm ;0.28Kg (0.62 lb);218;;£14.99 / $19.99 / 14.99€;8 - 14;Box;Retail
9392;Quad Bike;Normal;Technical;Technic;;2012;Off Roader, Quad Bike;35.4 x 19.1 x 5.9 cm ;0.4Kg (0.88 lb);199;;£17.99 / $24.99 / 19.99€;8 - 14;Box;Retail
9393;Tractor;Normal;Technical;Technic;;2012;Tractor;;;353;;£24.99 / $39.99 / 29.99€;9 - 16;Box;Retail
9394;Jet Plane;Normal;Technical;Technic;;2012;Aircraft, Jet Aircraft;38.2 x 26.2 x 7.1 cm ;0.99Kg (2.18 lb);499;;£29.99 / $49.99 / 39.99€;9 - 16;Box;Retail
9395;Pick-Up Tow Truck;Normal;Technical;Technic;;2012;Service Vehicle, Tow Truck, Truck;48 x 28.2 x 7.4 cm ;1.38Kg (3.04 lb);954;;£49.99 / $69.99 / 59.99€;10 - 16;Box;Retail
9396;Helicopter;Normal;Technical;Technic;;2012;Helicopter;;;1056;;£69.99 / $119.99 / 89.99€;10 - 16;Box;Retail
9397;Logging Truck;Normal;Technical;Technic;;2012;Electric, Power Functions, Truck;;;1308;;£99.99 / $139.99 / 119.99€;10 - 16;Box;Retail
9398;4x4 Crawler;Normal;Technical;Technic;;2012;4X4, Electric, Flagship Set, Off Roader, Power Functions, Remote Control;;2.8Kg (6.17 lb);1327;;£139.99 / $199.99 / 169.99€;11 - 16;Box;Retail
9440;Venomari Shrine;Normal;Action/Adventure;Ninjago;Rise of the Snakes;2012;Zane, Serpentine, Shrine, Snake, Venomari;14.1 x 12.2 x 4.6 cm ;0.12Kg (0.26 lb);86;1;£5.99 / $6.99 / 7.99€;7 - 12;Box;Retail
9441;Kai's Blade Cycle;Normal;Action/Adventure;Ninjago;Rise of the Snakes;2012;Kai, Rattla, Blade Bike, Converts, Fire, Hypnobrai, Motorcycle, Ninjago Ninjas;26.2 x 19.1 x 6.1 cm ;0.31Kg (0.68 lb);188;2;£12.99 / $14.99 / 14.99€;8 - 14;Box;Retail
9442;Jay's Storm Fighter;Normal;Action/Adventure;Ninjago;Rise of the Snakes;2012;Jay, Snappa, Converts, Fangpyre, Jet Aircraft, Lightning, Ninjago Ninjas, Shrine, Storm Fighter;28.2 x 26.2 x 6.4 cm ;0.51Kg (1.12 lb);242;2;£19.99 / $24.99 / 19.99€;7 - 14;Box;Retail
9443;Rattlecopter;Normal;Action/Adventure;Ninjago;Rise of the Snakes;2012;Fang-Suei, Kai, Lloyd Garmadon, Fangpyre, Helicopter, Serpentine, Snake;28.2 x 26.2 x 7.6 cm ;0.56Kg (1.23 lb);327;3;£24.99 / $29.99 / 29.99€;8 - 14;Box;Retail
9444;Cole's Tread Assault;Normal;Action/Adventure;Ninjago;Rise of the Snakes;2012;Cole, Skales, Converts, Earth, Hypnobrai, Ninjago Ninjas;38.2 x 26.2 x 7.1 cm ;0.67Kg (1.48 lb);286;2;£29.99 / $39.99 / 34.99€;8 - 14;Box;Retail
9445;Fangpyre Truck Ambush;Normal;Action/Adventure;Ninjago;Rise of the Snakes;2012;Fangdam, Fangtom, Jay, Zane, Fangpyre, Ice, Serpentine, Snowmobile, Truck;48 x 28.2 x 7.4 cm ;0.94Kg (2.07 lb);452;4;£39.99 / $49.99 / 49.99€;8 - 14;Box;Retail
9446;Destiny's Bounty;Normal;Action/Adventure;Ninjago;Rise of the Snakes;2012;Garmadon, Jay, Sensei Wu, Skales, Slithraa, Zane, Converts, Hypnobrai, Ninja Base, Ninjago Ninjas, Ship, Shrine;48 x 37.8 x 7.1 cm ;1.37Kg (3.02 lb);680;6;£59.99 / $79.99 / 79.99€;8 - 14;Box;Retail
9447;Lasha's Bite Cycle;Normal;Action/Adventure;Ninjago;Search for the Fang Blades;2012;Cole, Lasha, Blacksmith, Motorcycle, Serpentine, Venomari;28.2 x 26.2 x 4.6 cm ;0.38Kg (0.84 lb);250;2;£19.99 / $24.99 / 19.99€;7 - 14;Box;Retail
9448;Samurai Mech;Normal;Action/Adventure;Ninjago;Search for the Fang Blades;2012;Bytar, Nya, Snike, Catapult, Constrictai, Mech, Ninjago Ninjas, Nya Tech, Samurai Mech;38.2 x 26.2 x 5.6 cm ;0.65Kg (1.43 lb);452;3;£29.99 / $39.99 / 39.99€;8 - 14;Box;Retail
9449;Ultra Sonic Raider;Normal;Action/Adventure;Ninjago;Search for the Fang Blades;2012;Cole, Jay, Kai, Pythor P. Chumsworth, Spitta, Zane, Anacondrai, Converts, Ninjago Ninjas, Tracked Vehicle, Ultra Raider, Venomari;48 x 37.8 x 7.1 cm ;1.23Kg (2.71 lb);622;6;£59.99 / $79.99 / 79.99€;8 - 14;Box;Retail
9450;Epic Dragon Battle;Normal;Action/Adventure;Ninjago;Search for the Fang Blades;2012;Acidicus, Chokun, Garmadon, Jay, Lloyd Garmadon, Sensei Wu, Skalidor, Constrictai, Dragon, Energy, Flame, Garmadon Family, Ninjago Ninjas, Rocky, Serpentine, Shard, Shrine, Snake, Venomari, Wisp;58.2 x 37.8 x 8.7 cm ;1.8Kg (3.96 lb);915;7;£89.99 / $119.99 / 119.99€;8 - 14;Box;Retail
9455;Fangpyre Mech;Normal;Action/Adventure;Ninjago;Rise of the Snakes;2012;Cole, Fang-Suei, Fangpyre, Mech, Serpentine;;;255;2;£19.99 / $24.99 / 24.99€;7 - 14;Box;Retail
9456;Spinner Battle Arena;Normal;Action/Adventure;Ninjago;Spinners;2012;Kai, Rattla, Arena, Fire, Hypnobrai, Ninjago Ninjas, Serpentine, Shrine;;0.67Kg (1.48 lb);418;2;£34.99 / $39.99 / 39.99€;8 - 14;Box;Retail
9457;Fangpyre Wrecking Ball;Normal;Action/Adventure;Ninjago;Rise of the Snakes;2012;Cole, Fangdam, Lloyd Garmadon, Fangpyre, Serpentine, Snake, Tracked Vehicle, Wrecking Ball;;;415;3;£49.99 / $49.99 / 49.99€;8 - 14;Box;Retail
9461;The Swamp Creature;Normal;Action/Adventure;Monster Fighters;;2012;Frank Rock, Swamp Creature, Airboat, Speedboat, Spooky;14.1 x 12.2 x 4.6 cm ;0.08Kg (0.18 lb);70;2;£4.99 / $6.99 / 7.99€;7 - 14;Box;Retail
9462;The Mummy;Normal;Action/Adventure;Monster Fighters;;2012;Ann Lee, Mummy, Aircraft, Carriage, Helicopter, Horse, Spooky;19.1 x 14.1 x 4.6 cm ;0.12Kg (0.26 lb);90;2;£8.99 / $11.99 / 9.99€;7 - 14;Box;
9463;The Werewolf;Normal;Action/Adventure;Monster Fighters;;2012;Major Quinton Steele, Werewolf, Car, Forest, Spooky;28.2 x 26.2 x 4.6 cm ;0.35Kg (0.77 lb);243;2;£17.99 / $19.99 / 19.99€;7 - 14;Box;
9464;The Vampyre Hearse;Normal;Action/Adventure;Monster Fighters;;2012;Doctor Rodney Rathbone, Lord Vampyre, Zombie, 8 Wide Car, Car, Motorcycle, Spooky;38.2 x 26.2 x 5.6 cm ;0.54Kg (1.19 lb);314;3;£24.99 / $34.99 / 29.99€;8 - 14;Box;
9465;The Zombies;Normal;Action/Adventure;Monster Fighters;;2012;Jack McHammer, Zombie, Graveyard, Spooky, Truck;;;447;4;£34.99 / $39.99 / 39.99€;8 - 14;Box;Retail - limited
9466;The Crazy Scientist & His Monster;Normal;Action/Adventure;Monster Fighters;;2012;Crazy Scientist, Doctor Rodney Rathbone, Major Quinton Steele, Monster, Car, Light Brick, Rat, Science, Spider, Spooky;54 x 28.2 x 5.9 cm ;0.83Kg (1.83 lb);430;4;£39.99 / $49.99 / 49.99€;8 - 14;Box;
9467;The Ghost Train;Normal;Action/Adventure;Monster Fighters;;2012;Ann Lee, Frank Rock, Aircraft, Ghost, Propeller Aircraft, Spooky, Steam Locomotive;48 x 37.8 x 7.1 cm ;1.14Kg (2.51 lb);741;5;£59.99 / $79.99 / 79.99€;8 - 14;Box;
9468;Vampyre Castle;Normal;Action/Adventure;Monster Fighters;;2012;Bat Monster, Doctor Rodney Rathbone, Jack McHammer, Lord Vampyre, Lord Vampyre’s Bride, Car, Castle, Spider, Spooky;58.2 x 37.8 x 8.7 cm ;1.86Kg (4.1 lb);949;7;£79.99 / $99.99 / 99.99€;9 - 14;Box;
9469;Gandalf Arrives;Normal;Licensed;The Lord of the Rings;The Fellowship of the Ring;2012;Frodo Baggins, Cart, Horse, Shire;19.1 x 14.1 x 4.6 cm ;0.13Kg (0.29 lb);83;2;£11.99 / $12.99 / 14.99€;8 - 14;Box;Retail
9470;Shelob Attacks;Normal;Licensed;The Lord of the Rings;The Return of the King;2012;Frodo Baggins, Gollum, Samwise Gamgee, Brick Built Animals, Mordor, Shelob, Spider, Spooky;26.2 x 19.1 x 6.1 cm ;0.3Kg (0.66 lb);227;3;£19.99 / $19.99 / 26.99€;8 - 14;Box;Retail
9471;Uruk-Hai Army;Normal;Licensed;The Lord of the Rings;The Two Towers;2012;Eomer, Rohan Soldier, Uruk-Hai, Horse, Orcs, Rohan;28.2 x 26.2 x 6.4 cm ;0.46Kg (1.01 lb);257;6;£29.99 / $29.99 / 39.99€;8 - 14;Box;Retail
9472;Attack On Weathertop;Normal;Licensed;The Lord of the Rings;The Fellowship of the Ring;2012;Aragorn, Frodo Baggins, Meriadoc Brandybuck, Ringwraith, Eriador, Horse;48 x 28.2 x 6.1 cm ;0.85Kg (1.87 lb);430;5;£49.99 / $59.99 / 59.99€;8 - 14;Box;Retail
9473;The Mines of Moria;Normal;Licensed;The Lord of the Rings;The Fellowship of the Ring;2012;Boromir, Cave Troll, Gimli, Legolas Greenleaf, Moria Orc, Peregrin Took, Bigfig, Misty Mountains, Orcs;48 x 37.8 x 7.1 cm ;1.31Kg (2.89 lb);776;9;£69.99 / $79.99 / 79.99€;9 - 14;Box;Retail
9474;The Battle of Helm's Deep;Normal;Licensed;The Lord of the Rings;The Two Towers;2012;Aragorn, Gimli, Haldir, King Théoden , Uruk-Hai, Orcs, Rohan;58.2 x 37.8 x 8.7 cm ;2.28Kg (5.02 lb);1368;8;£99.99 / $129.99 / 139.99€;10 - 14;Box;Retail
9476;The Orc Forge;Normal;Licensed;The Lord of the Rings;The Fellowship of the Ring;2012;Lurtz, Mordor Orc, Uruk-Hai, Isengard, Orcs;;;366;4;£39.99 / $39.99 / 49.99€;8 - 14;Box;Retail - limited
9478;Francesco Bernoulli;Normal;Licensed;Cars;Cars 2;2012;Francesco Bernoulli, Pixar, World Grand Prix;14.1 x 12.2 x 4.6 cm ;0.08Kg (0.18 lb);49;;£4.99 / $6.99 / 7.99€;5 - 12;Box;Retail
9479;Ivan Mater;Normal;Licensed;Cars;Cars 2;2012;Pixar, Tow Mater;14.1 x 12.2 x 4.6 cm ;0.08Kg (0.18 lb);52;;£4.99 / $6.99 / 7.99€;5 - 12;Box;Retail
9480;Finn McMissile;Normal;Licensed;Cars;Cars 2;2012;Finn McMissile, Pixar;14.1 x 12.2 x 4.6 cm ;0.09Kg (0.2 lb);52;;£4.99 / $6.99 / 7.99€;5 - 12;Box;Retail
9481;Jeff Gorvette;Normal;Licensed;Cars;Cars 2;2012;Pixar, Traffic Light, World Grand Prix;14.1 x 12.2 x 4.6 cm ;0.09Kg (0.2 lb);54;;£4.99 / $6.99 / 7.99€;5 - 12;Box;Retail
9483;Agent Mater's Escape;Normal;Licensed;Cars;Cars 2;2012;Pixar, Tow Mater;26.2 x 14.1 x 4.8 cm ;0.2Kg (0.44 lb);144;;£14.99 / $14.99 / 17.99€;5 - 12;Box;Retail
9484;Red's Water Rescue;Normal;Licensed;Cars;Cars 2;2012;Fire Truck, Pixar;26.2 x 19.1 x 7.2 cm ;0.36Kg (0.79 lb);199;;£19.99 / $19.99 / 24.99€;5 - 12;Box;Retail
9485;Ultimate Race Set;Normal;Licensed;Cars;Cars 2;2012;Lightning Mcqueen, Pixar, World Grand Prix;35.4 x 19.1 x 5.9 cm ;0.44Kg (0.97 lb);280;;£24.99 / $29.99 / 29.99€;6 - 12;Box;Retail
9486;Oil Rig Escape;Normal;Licensed;Cars;Cars 2;2012;Finn McMissile, Pixar, Zundapp;35.4 x 37.8 x 7.1 cm ;0.91Kg (2 lb);422;;£49.99 / $49.99 / 59.99€;6 - 12;Box;Retail
9488;Elite Clone Trooper & Commando Droid Battle Pack;Normal;Licensed;Star Wars;The Clone Wars;2012;Clone Trooper, Commando Droid, Battle Pack, Cartoon, Cartoon Network, Republic;19.1 x 14.1 x 4.6 cm ;0.11Kg (0.24 lb);98;4;£11.99 / $12.99 / 16.99€;6 - 12;Box;Retail
9489;Endor Rebel Trooper & Imperial Trooper Battle Pack;Normal;Licensed;Star Wars;Episode VI;2012;Endor Rebel Trooper, Scout Trooper, Stormtrooper, Battle Pack, Endor, Forest;19.1 x 14.1 x 4.6 cm ;0.11Kg (0.24 lb);77;4;£11.99 / $12.99 / 16.99€;6 - 12;Box;Retail
9490;Droid Escape;Normal;Licensed;Star Wars;Episode IV;2012;C-3PO, R2-D2, Sandtrooper, Tatooine;26.2 x 19.1 x 4.6 cm ;0.25Kg (0.55 lb);137;4;£19.99 / $19.99 / 26.99€;7 - 12;Box;Retail
9491;Geonosian Cannon;Normal;Licensed;Star Wars;The Clone Wars;2012;Barriss Offee, Commander Gree, Geonosian Warrior, Geonosian Zombie, Cartoon, Cartoon Network, Geonosis, Separatists;26.2 x 19.1 x 4.6 cm ;0.26Kg (0.57 lb);132;4;£19.99 / $19.99 / 26.99€;7 - 12;Box;Retail
9492;TIE Fighter;Normal;Licensed;Star Wars;Episode IV;2012;Death Star Trooper, Imperial Officer, R5-J2, TIE Fighter Pilot, Empire;35.4 x 37.8 x 7.1 cm ;0.78Kg (1.72 lb);413;4;£49.99 / $54.99 / 49.99€;8 - 14;Box;Retail
9493;X-wing Starfighter;Normal;Licensed;Star Wars;Episode IV;2012;Jek Porkins, Luke Skywalker, R2-D2, R5-D8, Rebellion;48 x 28.2 x 7.4 cm ;0.9Kg (1.98 lb);560;4;£49.99 / $59.99 / 69.99€;8 - 14;Box;Retail
9494;Anakin's Jedi Interceptor;Normal;Licensed;Star Wars;Episode III;2012;Battle Droid Security, Darth Vader, Nute Gunray, Obi-Wan Kenobi, R2-D2, Eta 2 Actis Class Interceptor, Mustafar, Republic;;;300;5;£34.99 / $39.99 / 39.99€;8 - 14;Box;Retail - limited
9495;Gold Leader's Y-wing Starfighter;Normal;Licensed;Star Wars;Episode IV;2012;Princess Leia, R5-F7, Rebel Pilot, Rebellion;;;458;3;£49.99 / $49.99 / 49.99€;8 - 14;Box;Retail - limited
9496;Desert Skiff;Normal;Licensed;Star Wars;Episode VI;2012;Boba Fett, Kithaba, Lando Calrissian, Luke Skywalker, Sarlacc Pit, Tatooine;35.4 x 19.1 x 5.9 cm ;0.44Kg (0.97 lb);213;4;£24.99 / $24.99 / 29.99€;7 - 12;Box;Retail
9497;Republic Striker-class Starfighter;Normal;Licensed;Star Wars;The Old Republic;2012;Jace Malcom, Satele Shan, T7-O1, Republic;38.2 x 26.2 x 5.6 cm ;0.59Kg (1.3 lb);376;3;£39.99 / $44.99 / 49.99€;8 - 14;Box;Retail
9498;Saesee Tiin's Jedi Starfighter;Normal;Licensed;Star Wars;The Clone Wars;2012;Even Piell, R3-D5, Saesee Tiin, Cartoon, Cartoon Network, Delta 7B Aethersprite Class Light Interceptor, Republic;28.2 x 26.2 x 6.4 cm ;0.48Kg (1.06 lb);244;3;£29.99 / $29.99 / 39.99€;7 - 12;Box;Retail
9499;Gungan Sub;Normal;Licensed;Star Wars;Episode I;2012;Jar-Jar Binks, Obi-Wan Kenobi, Padmé Amidala, Qui-Gon Jinn, Naboo, Submarine, Underwater;35.4 x 37.8 x 7.1 cm ;0.91Kg (2 lb);465;4;£54.99 / $69.99 / 69.99€;8 - 14;Box;Retail
9500;Sith Fury-class Interceptor;Normal;Licensed;Star Wars;The Old Republic;2012;Darth Malgus, Sith Trooper, Sith;48 x 37.8 x 7.1 cm ;1.18Kg (2.6 lb);741;3;£79.99 / $89.99 / 99.99€;9 - 14;Box;Retail
9509;Star Wars Advent Calendar;Normal;Licensed;Star Wars;Seasonal;2012;Battle Droid Security, Darth Maul, Gonk Droid, Gungan Warrior, Hoth Rebel Trooper, Imperial Officer, R2-D2, Rebel Trooper, Snowtrooper, Super Battle Droid, Advent Calendar, Christmas, Walker;38.2 x 26.2 x 7.1 cm ;0.37Kg (0.81 lb);234;10;£24.99 / $49.99 / 29.99€;6 - 14;Box;Retail - limited
9515;Malevolence;Normal;Licensed;Star Wars;The Clone Wars;2012;Anakin Skywalker, Battle Droid Commander, Battle Droid, Count Dooku, General Grievous, Padmé Amidala, Cartoon, Cartoon Network, Separatists;58.2 x 37.8 x 8.7 cm ;1.66Kg (3.66 lb);1092;6;£99.99 / $119.99 / 119.99€;9 - 14;Box;Retail
9516;Jabba's Palace;Normal;Licensed;Star Wars;Episode VI;2012;B’Omarr Monk, Bib Fortuna, Chewbacca, Gamorrean Guard, Han Solo, Jabba the Hutt, Oola, Princess Leia (Boushh), Salacious B. Crumb, Carbonite, Tatooine;58.2 x 37.8 x 8.7 cm ;1.76Kg (3.88 lb);717;9;£119.99 / $119.99 / 139.99€;9 - 14;Box;Retail
9525;Pre Vizsla's Mandalorian Fighter;Normal;Licensed;Star Wars;The Clone Wars;2012;Mandalorian, Obi-Wan Kenobi, Pre Vizsla, Cartoon, Cartoon Network, Mandalorians;;;403;3;£49.99 / $49.99 / 49.99€;8 - 14;Box;Retail - limited
9526;Palpatine's Arrest;Normal;Licensed;Star Wars;Episode III;2012;Agen Kolar, Anakin Skywalker, Kit Fisto, Mace Windu, Palpatine, Saesee Tiin, Coruscant, Sith;;;645;6;£59.99 / $89.99 / 89.99€;9 - 14;Box;Retail
9551;Kendo Cole;Normal;Action/Adventure;Ninjago;Booster pack;2012;Cole, Earth, Ninjago Ninjas;12 x 15 x 1.9 cm ;0.03Kg (0.07 lb);28;1;£3.99 / $4.99 / 4.99€;6 - 14;Foil pack;Retail
9552;Lloyd Garmadon;Normal;Action/Adventure;Ninjago;Booster pack;2012;Lloyd Garmadon, Snake;12 x 15 x 1.9 cm ;0.03Kg (0.07 lb);21;1;£3.99 / $4.99 / 4.99€;6 - 14;Foil pack;Retail
9553;Jay ZX;Normal;Action/Adventure;Ninjago;Booster pack;2012;Jay, Lightning, Ninjago Ninjas;12 x 15 x 1.9 cm ;0.03Kg (0.07 lb);28;1;£3.99 / $4.99 / 4.99€;6 - 14;Foil pack;Retail
9554;Zane ZX;Normal;Action/Adventure;Ninjago;Booster pack;2012;Zane, Ice, Ninjago Ninjas;12 x 15 x 1.2 cm ;0.03Kg (0.07 lb);37;1;£3.99 / $4.99 / 4.99€;6 - 14;Foil pack;Retail
9555;Mezmo;Normal;Action/Adventure;Ninjago;Booster pack;2012;Mezmo, Hypnobrai, Serpentine;12 x 15 x 1.2 cm ;0.03Kg (0.07 lb);32;1;£3.99 / $4.99 / 4.99€;6 - 14;Foil pack;Retail
9556;Bytar;Normal;Action/Adventure;Ninjago;Booster pack;2012;Bytar, Constrictai, Serpentine, Snake;12 x 15 x 1.2 cm ;0.03Kg (0.07 lb);25;1;£3.99 / $4.99 / 4.99€;6 - 14;Blister pack;Retail
9557;Lizaru;Normal;Action/Adventure;Ninjago;Booster pack;2012;Lizaru, Serpentine, Venomari;12 x 15 x 1.1 cm ;0.03Kg (0.07 lb);17;1;£3.99 / $4.99 / 4.99€;6 - 14;;
9558;Training Set;Normal;Action/Adventure;Ninjago;Spinners;2012;Kai, Arena, Fire, Ninjago Ninjas, Shrine;26 x 23 x 6.4 cm ;0.33Kg (0.73 lb);219;1;£14.99 / $19.99 / 19.99€;6 - 14;Blister pack;Retail
9561;Kai ZX;Normal;Action/Adventure;Ninjago;Spinners;2012;Kai, Fire, Ninjago Ninjas;17.2 x 23 x 3.3 cm ;0.1Kg (0.22 lb);21;1;£7.49 / $9.99 / 9.99€;6 - 14;Blister pack;Retail
9562;Lasha;Normal;Action/Adventure;Ninjago;Spinners;2012;Lasha, Serpentine, Snake, Venomari;17.2 x 23 x 3.3 cm ;0.1Kg (0.22 lb);21;1;£7.49 / $9.99 / 9.99€;6 - 14;Blister pack;Retail
9563;Kendo Zane;Normal;Action/Adventure;Ninjago;Spinners;2012;Zane, Ice, Ninjago Ninjas;17.2 x 23 x 3.3 cm ;0.1Kg (0.22 lb);22;1;£7.49 / $9.99 / 9.99€;6 - 14;Blister pack;Retail
9564;Snappa;Normal;Action/Adventure;Ninjago;Spinners;2012;Snappa, Fangpyre, Serpentine;17.2 x 23 x 3.3 cm ;0.1Kg (0.22 lb);20;1;£7.49 / $9.99 / 9.99€;6 - 14;Blister pack;Retail
9566;Samurai X;Normal;Action/Adventure;Ninjago;Spinners;2012;Nya, Fire, Ninjago Ninjas, Nya Tech;17.2 x 23 x 3.3 cm ;0.1Kg (0.22 lb);23;1;£7.49 / $9.99 / 9.99€;6 - 14;Blister pack;Retail
9567;Fang-Suei;Normal;Action/Adventure;Ninjago;Spinners;2012;Fang-Suei, Fangpyre, Serpentine, Snake;17.2 x 23 x 3.3 cm ;0.1Kg (0.22 lb);19;1;£7.49 / $9.99 / 9.99€;6 - 14;Blister pack;Retail
9569;Spitta;Normal;Action/Adventure;Ninjago;Spinners;2012;Spitta, Serpentine, Snake, Venomari;17.2 x 23 x 3.3 cm ;0.1Kg (0.22 lb);20;1;£7.49 / $9.99 / 9.99€;6 - 14;Blister pack;Retail
9570;NRG Jay;Normal;Action/Adventure;Ninjago;Spinners;2012;Jay, Lightning, Ninjago Ninjas;17.2 x 23 x 3.3 cm ;0.1Kg (0.22 lb);20;1;£7.49 / $9.99 / 9.99€;6 - 14;Blister pack;Retail
9571;Fangdam;Normal;Action/Adventure;Ninjago;Spinners;2012;Fangdam, Fangpyre, Serpentine, Snake;17.2 x 23 x 3.3 cm ;0.1Kg (0.22 lb);20;1;£7.49 / $9.99 / 9.99€;6 - 14;Blister pack;Retail
9572;NRG Cole;Normal;Action/Adventure;Ninjago;Spinners;2012;Cole, Earth, Ninjago Ninjas;17.2 x 23 x 3.3 cm ;0.1Kg (0.22 lb);20;1;£7.49 / $9.99 / 9.99€;6 - 14;Blister pack;Retail
9573;Slithraa;Normal;Action/Adventure;Ninjago;Spinners;2012;Slithraa, Hypnobrai, Serpentine, Snake;17.2 x 23 x 3.3 cm ;0.11Kg (0.24 lb);20;1;£7.49 / $9.99 / 9.99€;6 - 14;Blister pack;Retail
9574;Lloyd ZX;Normal;Action/Adventure;Ninjago;Spinners;2012;Lloyd Garmadon, Energy, Garmadon Family, Ninjago Ninjas;17.2 x 23 x 3.3 cm ;0.1Kg (0.22 lb);23;1;£7.49 / $9.99;6 - 14;Blister pack;Retail
9579;Starter Set;Normal;Action/Adventure;Ninjago;Spinners;2012;Cole, Rattla, Arena, Earth, Hypnobrai, Ninjago Ninjas, Serpentine, Snake;26 x 23 x 4 cm ;0.2Kg (0.44 lb);62;2;£12.99 / $19.99 / 19.99€;6 - 14;Blister pack;Retail
9585;WeDo Resource Set;Normal;Educational;Education;;2012;;;0.67Kg (1.48 lb);326;;;;Tub;Educational
9590;NRG Zane;Normal;Action/Adventure;Ninjago;Spinners;2012;Zane, Ice, Ninjago Ninjas;17.2 x 23 x 3.3 cm ;0.1Kg (0.22 lb);23;1;£7.49 / $9.99 / 9.99€;6 - 14;Blister pack;Retail
9591;Weapon Pack;Normal;Action/Adventure;Ninjago;Spinners;2012;Chokun, Kai, Constrictai, Fire, Ninjago Ninjas, Serpentine, Snake;26 x 23 x 4 cm ;0.19Kg (0.42 lb);73;2;£12.99 / $19.99 / 19.99€;6 - 14;;
9657;FIRST LEGO League Challenge 2012 - Senior Solutions;Normal;Miscellaneous;Miscellaneous;FIRST LEGO League;2012;;;;1615;;;;;
9674;Naboo Starfighter & Naboo;Normal;Licensed;Star Wars;Planet Set;2012;Naboo Fighter Pilot, Episode I The Phantom Menace, Naboo;14.1 x 19.1 x 8.8 cm ;0.11Kg (0.24 lb);56;1;£9.99 / $9.99 / 9.99€;6 - 12;Other;Retail
9675;Sebulba's Podracer & Tatooine;Normal;Licensed;Star Wars;Planet Set;2012;Sebulba, Episode I The Phantom Menace, Podracer, Tatooine;14.1 x 19.1 x 8.8 cm ;0.14Kg (0.31 lb);80;1;£9.99 / $9.99 / 9.99€;6 - 12;Other;Retail
9676;TIE Interceptor & Death Star;Normal;Licensed;Star Wars;Planet Set;2012;TIE Fighter Pilot, Empire, Episode Iv A New Hope;14.1 x 19.1 x 8.8 cm ;0.15Kg (0.33 lb);65;1;£9.99 / $9.99 / 9.99€;6 - 12;Other;Retail
9677;X-wing Starfighter & Yavin 4;Normal;Licensed;Star Wars;Planet Set;2012;Rebel Pilot, Episode Iv A New Hope, Rebellion;14.1 x 19.1 x 8.8 cm ;0.14Kg (0.31 lb);77;1;£9.99 / $9.99 / 9.99€;6 - 12;Box;Retail
9678;Twin-Pod Cloud Car & Bespin;Normal;Licensed;Star Wars;Planet Set;2012;Lobot, Bespin, Episode V The Empire Strikes Back;14.1 x 19.1 x 8.8 cm ;0.15Kg (0.33 lb);78;1;£9.99 / $9.99 / 9.99€;6 - 12;Box;Retail
9679;AT-ST & Endor;Normal;Licensed;Star Wars;Planet Set;2012;AT-ST Pilot, Empire, Endor, Episode Vi Return Of The Jedi, Walker;14.1 x 19.1 x 8.8 cm ;0.14Kg (0.31 lb);65;1;£9.99 / $9.99 / 9.99€;6 - 12;Box;Retail
9689;Simple Machines Set;Normal;Educational;Education;Technic;2012;;;0.17Kg (0.37 lb);204;;;;Tub;Educational
10223;Kingdoms Joust;Normal;Historical;Castle;Kingdoms;2012;Black Falcons, D2c, Horse, Lion Knights, Tournaments;;1.38Kg (3.04 lb);1575;9;£99.99 / $119.99 / 119.99€;12+;Box;Retail - limited
10224;Town Hall;Normal;Model making;Advanced Models;Modular Buildings;2012;Baseplate, D2c, Lamppost, Modular Building, Wedding;;;2766;8;£149.99 / $199.99 / 179.99€;14+;Box;Retail - limited
10225;R2-D2;Normal;Licensed;Star Wars;Ultimate Collector Series;2012;R2-D2, Brick Built Figure, D2c, Droid, Original Trilogy, Rebellion;;;2127;1;£149.99 / $179.99 / 179.99€;16+;Box;LEGO exclusive
10226;Sopwith Camel;Normal;Model making;Advanced Models;Aircraft;2012;Aircraft, Biplane, D2c, Historic, Military, Propeller Aircraft;;;883;;£79.99 / $99.99 / 89.99€;14+;Box;Retail - limited
10227;B-Wing Starfighter;Normal;Licensed;Star Wars;Ultimate Collector Series;2012;D2c, Episode V The Empire Strikes Back, Rebellion;;;1487;;£169.99 / $199.99 / 199.99€;16+;Box;LEGO exclusive
10228;Haunted House;Normal;Action/Adventure;Monster Fighters;;2012;Lord Vampyre, Lord Vampyre’s Bride, Monster Butler, Zombie, D2c, Ghost, House, Spooky;39 x 24 x 19 cm ;;2064;6;£149.99 / $179.99 / 179.99€;14+;Box;LEGO exclusive
10229;Winter Village Cottage;Normal;Model making;Advanced Models;Winter Village;2012;Boat, Cat, Christmas, D2c, House, Jet Aircraft, Lamppost, Light Brick, Owl, Sled, Snowplough, Truck, Winter Village;;;1490;8;£89.99 / $99.99 / 99.99€;12+;Box;Retail - limited
10230;Mini Modulars;Normal;Model making;Advanced Models;;2012;D2c, Mini Modular;;;1356;;£59.99 / $79.99 / 69.99€;12+;Box;Retail - limited
10531;Mickey Mouse and Friends;Normal;Pre-school;Duplo;Disney;2012;Disney, Donald, Goofy, Mickey, Minnie, Modern Disney, Pluto;;0.98Kg (2.16 lb);65;;$34.99 / 34.99€;1 - 5;Bucket;Retail
20204;Creature Designer;Normal;Miscellaneous;Master Builder Academy;;2012;Brick Built Animals, Polybag;;;232;;;8 - 12;Polybag;LEGO exclusive
20205;Auto Designer;Normal;Miscellaneous;Master Builder Academy;;2012;Car, Dragster, Formula 1, Hot Rod, Polybag, Racing, Racing Car;;;188;;;8 - 12;Polybag;LEGO exclusive
20206;The Lost Village;Normal;Miscellaneous;Master Builder Academy;;2012;;;;229;1;;8 - 12;Box;
20207;The Forbidden Bridge;Normal;Miscellaneous;Master Builder Academy;;2012;Polybag;;;220;;;8 - 12;Polybag;LEGO exclusive
20208;The Dark Lair;Normal;Miscellaneous;Master Builder Academy;;2012;Polybag;;;183;;;8 - 12;Polybag;LEGO exclusive
21012;Sydney Opera House;Normal;Model making;Architecture;Architect Series;2012;Australia, Sydney;;0.43Kg (0.95 lb);270;;£34.99 / $39.99 / 24.99€;12+;Box;Retail - limited
21013;Big Ben;Normal;Model making;Architecture;Landmark Series;2012;London, United Kingdom;;0.31Kg (0.68 lb);346;;£24.99 / $29.99 / 29.99€;12+;Box;Retail - limited
21014;Villa Savoye;Normal;Model making;Architecture;Architect Series;2012;France, International Style, Modernist;;;660;;£59.99 / $69.99 / 69.99€;12+;Box;Retail - limited
21016;Sungnyemun;Normal;Model making;Architecture;Landmark Series;2012;Korea;;;325;;£29.99 / $34.99 / 34.99€;12+;Box;Retail - limited
21101;Hayabusa;Normal;Miscellaneous;Ideas;Licensed;2012;Cuusoo, Science, Space;;;369;1;£44.99 / $49.99 / 49.99€;12+;Box;LEGO exclusive
21102;Minecraft Micro World: The Forest;Normal;Miscellaneous;Ideas;Licensed;2012;Brick Built Figure, Creeper, Cuusoo, Micro World, Video Game;12.2 x 14.1 x 12.2 cm ;0.37Kg (0.81 lb);480;2;£34.99 / $34.99 / 34.99€;10+;Box;LEGO exclusive
21201;Life Of George 2;Normal;Miscellaneous;Life of George;;2012;App Powered, Video Game;15 x 18.4 x 4.8 cm ;0.28Kg (0.62 lb);146;;£29.99 / $29.99 / 26.99€;8+;Box;
30017;Police Boat;Normal;Modern day;City;Forest Police;2012;Boat, Police Boat, Polybag, Speedboat;;;35;1;$3.99;5 - 12;Polybag;Retail - limited
30018;Police Microlight;Normal;Modern day;City;Forest Police;2012;Aircraft, Microlight, Police, Polybag;;;32;1;$3.99;5 - 12;Polybag;Retail - limited
30019;Fire Helicopter;Normal;Modern day;City;Forest Fire;2012;Fire, Helicopter, Microlight, Polybag;;;37;1;;5 - 12;Polybag;Promotional
30056;Star Destroyer;Normal;Licensed;Star Wars;Mini Building Set;2012;Empire, Original Trilogy, Polybag;;;38;;;6 - 12;Polybag;Retail - limited
30057;Anakin's Pod Racer;Normal;Licensed;Star Wars;Episode I;2012;Podracer, Polybag, Tatooine;;;38;;£4.99 / $4.99;6 - 12;Polybag;Promotional
30058;STAP;Normal;Licensed;Star Wars;Episode I;2012;Battle Droid, Polybag, Separatists;;;24;1;;6 - 12;Polybag;Retail - limited
30059;MTT;Normal;Licensed;Star Wars;The Clone Wars;2012;Cartoon, Cartoon Network, Polybag, Separatists;;;51;;$3.97;;Polybag;Retail - limited
30085;Jumping Snakes;Normal;Action/Adventure;Ninjago;Rise of the Snakes;2012;Jay, Polybag, Snake;;;42;1;;6 - 12;Polybag;Retail - limited
30086;Hidden Sword;Normal;Action/Adventure;Ninjago;Rise of the Snakes;2012;Zane, Ninjago Ninjas, Polybag;;;39;1;;6 - 12;Polybag;Promotional
30087;Car;Normal;Action/Adventure;Ninjago;Rise of the Snakes;2012;Cole, Car, Earth, Ninjago Ninjas, Polybag;;;27;1;;6 - 12;Polybag;Promotional
30088;Rattla;Normal;Action/Adventure;Ninjago;Promotional;2012;Rattla, Hypnobrai, Polybag, Serpentine;;;5;1;;6 - 12;Polybag;Promotional
30100;Beach;Normal;Girls;Friends;Promotional;2012;Andrea, Polybag;;;23;1;;5 - 12;Polybag;Promotional
30101;Skateboarder;Normal;Girls;Friends;Promotional;2012;Mia, Polybag;;;28;1;$4.99;5 - 12;Polybag;Retail - limited
30102;Desk;Normal;Girls;Friends;Promotional;2012;Olivia, Polybag;;;26;1;$3.97;5 - 12;Polybag;Retail
30103;Car;Normal;Girls;Friends;Promotional;2012;Emma, Polybag;;;32;1;$3.97;5 - 12;Polybag;Promotional
30105;Mailbox;Normal;Girls;Friends;Promotional;2012;Stephanie, Polybag;;;41;1;$3.99;5 - 12;Polybag;Promotional
30150;Racing Car;Normal;Modern day;City;Traffic;2012;Polybag, Racing, Racing Car;;;37;1;$4.99;5 - 12;Polybag;Retail - limited
30151;Mining Dozer;Normal;Modern day;City;Mining;2012;Front Loader, Polybag;;;32;1;$3.99;5 - 12;Polybag;Retail - limited
30152;Mining Quad;Normal;Modern day;City;Mining;2012;4X4, Polybag, Quad Bike;;;40;1;$4.99;5 - 12;Polybag;Retail - limited
30160;Batman Jetski;Normal;Licensed;DC Comics Super Heroes;Batman;2012;Batman, Jetski, Polybag;18 x 16 x 1 cm ;0.03Kg (0.07 lb);40;1;$4.99;5 - 12;Polybag;Retail - limited
30161;Batmobile;Normal;Licensed;DC Comics Super Heroes;Batman;2012;Batmobile, Polybag;;;45;;$4.00;5 - 12;Polybag;Promotional
30162;Quinjet;Normal;Licensed;Marvel Super Heroes;Avengers;2012;Marvel Cinematic Universe, Polybag, Quinjet, S.H.I.E.L.D.;;;33;;;6 - 12;Polybag;Promotional
30163;Thor and the Cosmic Cube;Normal;Licensed;Marvel Super Heroes;Avengers;2012;Thor, Infinity Stone, Marvel Cinematic Universe, Polybag;18 x 16 x 1 cm ;0.02Kg (0.04 lb);25;1;$4.99;6 - 12;Polybag;Promotional
30164;Lex Luthor;Normal;Licensed;DC Comics Super Heroes;Superman;2012;Lex Luthor, Kryptonite, Polybag, Video Game Exclusive;;;14;1;;6 - 12;Polybag;Promotional
30165;Hawkeye with equipment;Normal;Licensed;Marvel Super Heroes;Avengers;2012;Hawkeye, Marvel Cinematic Universe, Polybag, S.H.I.E.L.D.;;;24;1;;6 - 12;Polybag;Promotional
30180;Aircraft;Normal;Basic;Creator;;2012;Aircraft, Polybag, Propeller Aircraft, Sports Plane;;;45;;;6 - 10;Polybag;
30181;Helicopter;Normal;Basic;Creator;;2012;Helicopter, Polybag;;;53;;;6 - 10;Polybag;Retail - limited
30182;Santa;Normal;Basic;Creator;Seasonal;2012;Brick Built Figure, Christmas, Polybag, Santa Claus;;;57;;;6 - 10;Polybag;Promotional
30190;Ferrari 150 Italia;Normal;Racing;Racers;Ferrari;2012;Ferrari, Formula 1, Polybag, Pullback Motor, Racing, Shell;;;33;;;6+;Polybag;Promotional
30191;Scuderia Ferrari Truck;Normal;Racing;Racers;Ferrari;2012;Ferrari, Polybag, Pullback Motor, Shell;;;41;;;6+;Polybag;Promotional
30192;F40;Normal;Racing;Racers;Ferrari;2012;Ferrari, Polybag, Pullback Motor, Shell;;;48;;;6+;Polybag;Promotional
30193;250 GT Berlinetta;Normal;Racing;Racers;Ferrari;2012;Ferrari, Polybag, Pullback Motor, Shell;;;25;;;6+;Polybag;Promotional
30194;458 Italia;Normal;Racing;Racers;Ferrari;2012;Ferrari, Polybag, Pullback Motor, Shell;;;33;;;6+;Polybag;Promotional
30195;FXX;Normal;Racing;Racers;Ferrari;2012;Ferrari, Polybag, Pullback Motor, Shell;;;51;;;6+;Polybag;Promotional
30196;Ferrari pit crew;Normal;Racing;Racers;Ferrari;2012;Ferrari, Polybag, Shell;;;34;3;;6+;Polybag;Promotional
30200;Zombie chauffeur coffin car;Normal;Action/Adventure;Monster Fighters;Promotional;2012;Zombie, Car, Polybag, Spooky;;;32;1;$3.50;6 - 12;Polybag;Retail - limited
30201;Ghost;Normal;Action/Adventure;Monster Fighters;Promotional;2012;Ghost, Polybag, Spooky;;;33;1;$3.50;6 - 12;Polybag;Retail - limited
