SetID,Number,Variant,Theme,Subtheme,Year,Name,Minifigs,Pieces,UKPrice,USPrice,CAPrice,EUPrice,ImageURL,OwnedBy,WantedBy
5869,"2064","1","City","Airport","2007","Airline Promotional Set",2,116,,,,,"https://images.brickset.com/sets/images/2064-1.jpg",570,1498
6102,"3288","1","Duplo","Bob the Builder","2007","Packer",1,19,14.99,19.99,,,"https://images.brickset.com/sets/images/3288-1.jpg",79,48
6103,"3289","1","Duplo","Bob the Builder","2007","Muck & Roley in the Sunflower Factory",1,37,24.99,29.99,,,"https://images.brickset.com/sets/images/3289-1.jpg",79,44
6098,"3352","1","Duplo","Thomas the Tank Engine","2007","Salty the Dockyard Diesel",,8,14.65,12.99,,,"https://images.brickset.com/sets/images/3352-1.jpg",191,60
6099,"3353","1","Duplo","Thomas the Tank Engine","2007","Spencer and Sir Topham Hatt",1,45,24.49,29.99,,,"https://images.brickset.com/sets/images/3353-1.jpg",224,65
6100,"3354","1","Duplo","Thomas the Tank Engine","2007","Gordon's Express",,13,19.55,19.99,,,"https://images.brickset.com/sets/images/3354-1.jpg",168,64
6319,"3573","1","Sports","Football","2007","Superstar Figure ",1,6,,,,,"https://images.brickset.com/sets/images/3573-1.jpg",12,203
5970,"3870","1","Exo-Force","Golden City","2007","Red Walker",1,29,,,,,"https://images.brickset.com/sets/images/3870-1.jpg",134,499
5971,"3871","1","Exo-Force","Golden City","2007","White Flyer",1,21,,,,,"https://images.brickset.com/sets/images/3871-1.jpg",128,471
6569,"3872","1","Exo-Force","Golden City","2007","Robo Chopper",,29,,,,,"https://images.brickset.com/sets/images/3872-1.jpg",47,362
6203,"3885","1","Exo-Force","Golden City","2007","Mini Jet Fighter",1,22,,,,,"https://images.brickset.com/sets/images/3885-1.jpg",206,425
6179,"3886","1","Exo-Force","Golden City","2007","Green Exo Fighter",1,19,,,,,"https://images.brickset.com/sets/images/3886-1.jpg",230,419
5702,"4825","1","Duplo","Princess Castle","2007","Princess and Horse",1,8,7.99,9.99,,,"https://images.brickset.com/sets/images/4825-1.jpg",54,36
5703,"4826","1","Duplo","Princess Castle","2007","Princess and Pony Picnic",1,19,19.55,19.99,,,"https://images.brickset.com/sets/images/4826-1.jpg",45,38
5704,"4828","1","Duplo","Princess Castle","2007","Princess Royal Stables",2,49,34.99,39.99,,,"https://images.brickset.com/sets/images/4828-1.jpg",44,47
6101,"4861","1","Duplo","LEGO Ville","2007","Police Boat",3,27,19.55,24.99,,,"https://images.brickset.com/sets/images/4861-1.jpg",113,58
5560,"4915","1","Creator","","2007","Mini Construction",,68,3.99,4.99,,,"https://images.brickset.com/sets/images/4915-1.jpg",2923,457
5561,"4916","1","Creator","","2007","Mini Animals",,77,3.99,4.99,,,"https://images.brickset.com/sets/images/4916-1.jpg",1903,327
5565,"4917","1","Creator","","2007","Mini Robots",,77,3.99,4.99,,,"https://images.brickset.com/sets/images/4917-1.jpg",1299,366
5566,"4918","1","Creator","","2007","Mini Flyers",,78,3.99,4.99,,,"https://images.brickset.com/sets/images/4918-1.jpg",2367,374
6189,"4933","1","City","Construction","2007","Street Sweeper",,14,,,,,"https://images.brickset.com/sets/images/4933-1.jpg",783,1435
6190,"4934","1","City","Police","2007","Police Swamp Boat",,20,,,,,"https://images.brickset.com/sets/images/4934-1.jpg",105,1126
6191,"4936","1","City","Medical","2007","Doc & Patient",2,18,,2.99,,,"https://images.brickset.com/sets/images/4936-1.jpg",884,1543
6093,"4937","1","City","General","2007","Life Guard",1,38,,,,,"https://images.brickset.com/sets/images/4937-1.jpg",187,1500
6094,"4938","1","City","Fire","2007","Fire 4x4",1,28,,,,,"https://images.brickset.com/sets/images/4938-1.jpg",1193,866
5562,"4939","1","Creator","","2007","Cool Cars",,206,7.99,12.99,,,"https://images.brickset.com/sets/images/4939-1.jpg",2749,592
5564,"4953","1","Creator","","2007","Fast Flyers",,312,,19.99,,,"https://images.brickset.com/sets/images/4953-1.jpg",2313,825
5768,"4954","1","Creator","","2007","Model Town House",,1174,44.99,69.99,,,"https://images.brickset.com/sets/images/4954-1.jpg",2991,4319
6088,"4955","1","Creator","","2007","Big Rig",,550,19.99,30,,,"https://images.brickset.com/sets/images/4955-1.jpg",1328,1004
5563,"4956","1","Creator","","2007","House",,731,36.19,49.99,,,"https://images.brickset.com/sets/images/4956-1.jpg",3823,3138
5769,"4957","1","Creator","","2007","Ferris Wheel",,1063,48.95,69.99,,,"https://images.brickset.com/sets/images/4957-1.jpg",1241,1458
5770,"4958","1","Creator","","2007","Monster Dino",,792,68.49,89.99,,,"https://images.brickset.com/sets/images/4958-1.jpg",1245,932
5705,"4972","1","Duplo","LEGO Ville","2007","Animals",1,13,7.79,12.99,,,"https://images.brickset.com/sets/images/4972-1.jpg",323,27
5706,"4973","1","Duplo","LEGO Ville","2007","Harvester",1,11,17.99,24.99,,,"https://images.brickset.com/sets/images/4973-1.jpg",214,81
5707,"4974","1","Duplo","LEGO Ville","2007","Horse Stables",2,36,24.49,39.99,,,"https://images.brickset.com/sets/images/4974-1.jpg",148,48
5708,"4975","1","Duplo","LEGO Ville","2007","Farm",2,42,29.35,49.99,,,"https://images.brickset.com/sets/images/4975-1.jpg",245,54
5709,"4976","1","Duplo","LEGO Ville","2007","Cement Mixer",1,11,12.99,16.99,,,"https://images.brickset.com/sets/images/4976-1.jpg",389,59
5710,"4977","1","Duplo","LEGO Ville","2007","Fire Truck",2,26,17.99,29.99,39.99,,"https://images.brickset.com/sets/images/4977-1.jpg",597,57
6106,"4978","1","Duplo","LEGO Ville","2007","Road Sweeper",1,11,9.79,14.99,,,"https://images.brickset.com/sets/images/4978-1.jpg",264,50
5711,"4979","1","Duplo","LEGO Ville","2007","Ambulance",1,6,12.99,14.99,,,"https://images.brickset.com/sets/images/4979-1.jpg",519,48
5843,"4981","1","SpongeBob SquarePants","","2007","Chum Bucket",3,337,24.49,34.99,,,"https://images.brickset.com/sets/images/4981-1.jpg",1007,838
5844,"4982","1","SpongeBob SquarePants","","2007","Mrs. Puff's Boating School",3,393,37.19,49.99,,,"https://images.brickset.com/sets/images/4982-1.jpg",894,772
6104,"4986","1","Duplo","LEGO Ville","2007","Digger",1,19,19.99,22.99,,,"https://images.brickset.com/sets/images/4986-1.jpg",346,90
6105,"4987","1","Duplo","LEGO Ville","2007","Gravel Pit",2,40,29.35,39.99,,,"https://images.brickset.com/sets/images/4987-1.jpg",145,67
6107,"4988","1","Duplo","LEGO Ville","2007","Construction Site",3,84,48.95,59.99,,,"https://images.brickset.com/sets/images/4988-1.jpg",176,71
6187,"4991","1","City","Police","2007","Police Helicopter",1,31,,,,,"https://images.brickset.com/sets/images/4991-1.jpg",1512,838
6188,"4992","1","City","Fire","2007","Fire Boat",1,27,,,,,"https://images.brickset.com/sets/images/4992-1.jpg",1404,829
5845,"5378","1","Harry Potter","Order of the Phoenix","2007","Hogwarts Castle",9,943,69.99,89.99,,,"https://images.brickset.com/sets/images/5378-1.jpg",1079,2092
5712,"5380","1","Duplo","","2007","Duplo Large Brick Box",1,71,19.99,29.99,,,"https://images.brickset.com/sets/images/5380-1.jpg",265,15
5713,"5416","1","Duplo","","2007","Duplo Brick Box",,33,12.99,14.99,17.99,17.99,"https://images.brickset.com/sets/images/5416-1.jpg",364,19
5766,"5417","1","Duplo","","2007","Duplo Deluxe Brick Box",1,95,34.25,49.99,,,"https://images.brickset.com/sets/images/5417-1.jpg",80,19
6034,"5419","1","Duplo","","2007","Build a Farm",1,107,24.99,29.99,,,"https://images.brickset.com/sets/images/5419-1.jpg",25,20
5808,"5491","2","Make and Create","","2007","LEGO XXL 2000 Barrel",,2000,,,,,"https://images.brickset.com/sets/images/5491-2.jpg",33,94
5861,"5493","1","Make and Create","","2007","Emergency Rescue Box",,705,,30,,,"https://images.brickset.com/sets/images/5493-1.jpg",23,60
5839,"5514","1","Duplo","","2007","Fun Building with LEGO Duplo",,42,,,,,"https://images.brickset.com/sets/images/5514-1.jpg",30,18
5840,"5515","1","Make and Create","","2007","Fun Building with LEGO Bricks",,240,,11.99,,,"https://images.brickset.com/sets/images/5515-1.jpg",106,73
6950,"5516","1","Duplo","","2007","XXL Cannister",,215,,,,,"https://images.brickset.com/sets/images/5516-1.jpg",36,14
6059,"5518","1","Duplo","","2007","Duplo Creative Building",,74,14.99,,,,"https://images.brickset.com/sets/images/5518-1.jpg",25,18
6060,"5519","1","Make and Create","","2007","LEGO Creative Building",,481,14.99,25,,,"https://images.brickset.com/sets/images/5519-1.jpg",59,58
6083,"5527","1","Duplo","","2007","Duplo Canister Green",,80,,,,,"https://images.brickset.com/sets/images/5527-1.jpg",45,12
6084,"5528","1","Make and Create","","2007","LEGO Canister Red",,700,,,,,"https://images.brickset.com/sets/images/5528-1.jpg",100,54
6350,"5536","1","Duplo","","2007","LEGO DUPLO Fun Creations",1,105,,,,,"https://images.brickset.com/sets/images/5536-1.jpg",26,14
6351,"5537","1","Make and Create","","2007","LEGO Cool Creations",,683,,,,,"https://images.brickset.com/sets/images/5537-1.jpg",39,56
5809,"6112","2","Make and Create","","2007","LEGO World of Bricks",,1004,12.49,,,,"https://images.brickset.com/sets/images/6112-2.jpg",62,107
5810,"6114","2","Make and Create","","2007","LEGO Creator 200 Plus 40 Special Elements",,242,8.99,,,,"https://images.brickset.com/sets/images/6114-2.jpg",16,70
6120,"6116","1","Make and Create","","2007","LEGO Box",,600,,,,,"https://images.brickset.com/sets/images/6116-1.jpg",77,66
5690,"6161","1","Make and Create","","2007","LEGO Brick Box",,221,13.99,19.99,21.99,17.99,"https://images.brickset.com/sets/images/6161-1.jpg",913,71
5692,"6162","1","Creator","Mosaic","2007","Building Fun with LEGO",,286,7.99,9.99,,,"https://images.brickset.com/sets/images/6162-1.jpg",738,217
5693,"6163","1","Creator","Mosaic","2007","A World of LEGO Mosaic",,598,14.99,19.99,,,"https://images.brickset.com/sets/images/6163-1.jpg",837,243
6078,"6164","1","Make and Create","","2007","LEGO Rescue Building Set",1,520,19.99,24.99,,,"https://images.brickset.com/sets/images/6164-1.jpg",200,102
5691,"6166","1","Make and Create","","2007","LEGO Large Brick Box",1,405,25.99,29.99,39.99,27.99,"https://images.brickset.com/sets/images/6166-1.jpg",2091,114
5765,"6167","1","Make and Create","","2007","LEGO Deluxe Brick Box",2,701,34.25,49.99,,,"https://images.brickset.com/sets/images/6167-1.jpg",212,105
6576,"6944","1","Bionicle","","2007","Good Guy 07",,20,,,,,"https://images.brickset.com/sets/images/6944-1.jpg",61,353
5870,"6945","1","Bionicle","","2007","Bad Guy 07",,25,,,,,"https://images.brickset.com/sets/images/6945-1.jpg",155,437
5871,"6946","1","Bionicle","","2007","Squid Launcher Function",,22,,,,,"https://images.brickset.com/sets/images/6946-1.jpg",88,428
5872,"7009","1","Castle","Fantasy Era","2007","The Final Joust",2,62,5.99,7.99,,,"https://images.brickset.com/sets/images/7009-1.jpg",3750,1193
5936,"7029","1","Castle","Fantasy Era","2007","Skeleton Ship Attack",7,628,49.99,69.99,,,"https://images.brickset.com/sets/images/7029-1.jpg",1217,1786
6086,"7036","1","Castle","Fantasy Era","2007","Dwarves' Mine",7,575,41.09,59.99,,,"https://images.brickset.com/sets/images/7036-1.jpg",3823,1947
5789,"7090","1","Castle","Fantasy Era","2007","Crossbow Attack",3,54,3.99,5.99,,,"https://images.brickset.com/sets/images/7090-1.jpg",4287,976
5790,"7091","1","Castle","Fantasy Era","2007","Knight's Catapult Defense",4,123,6.99,9.99,,,"https://images.brickset.com/sets/images/7091-1.jpg",3293,994
5791,"7092","1","Castle","Fantasy Era","2007","Skeletons' Prison Carriage",5,193,14.99,19.99,,,"https://images.brickset.com/sets/images/7092-1.jpg",3435,1225
5792,"7093","1","Castle","Fantasy Era","2007","Skeleton Tower",5,398,39.99,49.99,,,"https://images.brickset.com/sets/images/7093-1.jpg",2368,1691
5767,"7094","1","Castle","Fantasy Era","2007","King's Castle Siege",10,973,73.39,99.99,,,"https://images.brickset.com/sets/images/7094-1.jpg",3474,2209
6196,"7172","1","Make and Create","","2007","Banana",,8,,,,,"https://images.brickset.com/sets/images/7172-1.jpg",36,117
6197,"7173","1","Make and Create","","2007","Pear",,10,,,,,"https://images.brickset.com/sets/images/7173-1.jpg",34,108
6198,"7174","1","Make and Create","","2007","Apple",,10,,,,,"https://images.brickset.com/sets/images/7174-1.jpg",32,113
6199,"7175","1","Make and Create","","2007","Grapes",,10,,,,,"https://images.brickset.com/sets/images/7175-1.jpg",41,106
6200,"7176","1","Make and Create","","2007","Watermelon",,21,,,,,"https://images.brickset.com/sets/images/7176-1.jpg",40,104
6201,"7177","1","Make and Create","","2007","Orange",,8,,,,,"https://images.brickset.com/sets/images/7177-1.jpg",34,101
6202,"7178","1","Make and Create","","2007","Chef",1,5,,,,,"https://images.brickset.com/sets/images/7178-1.jpg",78,120
6207,"7452","1","Racers","Tiny Turbos","2007","Le Mans",,34,,,,,"https://images.brickset.com/sets/images/7452-1.jpg",864,227
6208,"7453","1","Racers","Tiny Turbos","2007","Off Road",,28,,,,,"https://images.brickset.com/sets/images/7453-1.jpg",277,207
5686,"7580","1","Belville","Fairytales","2007","The Skating Princess",1,26,7.99,9.99,,,"https://images.brickset.com/sets/images/7580-1.jpg",114,57
5701,"7581","1","Belville","Fairytales","2007","Winter Royal Stables",2,86,29.99,49.99,,,"https://images.brickset.com/sets/images/7581-1.jpg",79,63
5685,"7582","1","Belville","Fairytales","2007","Royal Summer Palace",3,167,39.99,59.99,,,"https://images.brickset.com/sets/images/7582-1.jpg",104,76
5841,"7600","1","Belville","Seasonal","2007","Advent Calendar",,215,12.99,19.99,,,"https://images.brickset.com/sets/images/7600-1.jpg",167,105
5584,"7654","1","Star Wars","Episode III","2007","Droids Battle Pack",7,102,8.99,9.99,,,"https://images.brickset.com/sets/images/7654-1.jpg",9358,1899
5585,"7655","1","Star Wars","Episode III","2007","Clone Troopers Battle Pack",4,58,8.99,9.99,,,"https://images.brickset.com/sets/images/7655-1.jpg",9603,2104
5586,"7656","1","Star Wars","Episode III","2007","General Grievous Starfighter",1,232,19.99,19.99,,,"https://images.brickset.com/sets/images/7656-1.jpg",7416,1785
5587,"7657","1","Star Wars","Episode VI","2007","AT-ST",1,244,19.99,19.99,,,"https://images.brickset.com/sets/images/7657-1.jpg",7989,2670
5588,"7658","1","Star Wars","Episode IV","2007","Y-wing Fighter",2,454,39.99,39.99,,,"https://images.brickset.com/sets/images/7658-1.jpg",6086,2392
5589,"7659","1","Star Wars","Episode IV","2007","Imperial Landing Craft",5,471,48.95,49.99,,,"https://images.brickset.com/sets/images/7659-1.jpg",5958,2799
5608,"7660","1","Star Wars","Episode I","2007","Naboo N-1 Starfighter with Vulture Droid",3,280,29.99,29.99,,,"https://images.brickset.com/sets/images/7660-1.jpg",5501,2055
5609,"7661","1","Star Wars","Episode III","2007","Jedi Starfighter with Hyperdrive Booster Ring",2,575,48.95,49.99,,,"https://images.brickset.com/sets/images/7661-1.jpg",5638,3530
5610,"7662","1","Star Wars","Episode I","2007","Trade Federation MTT",21,1330,78.29,99.99,,,"https://images.brickset.com/sets/images/7662-1.jpg",5039,4437
5873,"7663","1","Star Wars","Episode I","2007","Sith Infiltrator",1,310,24.99,29.99,,,"https://images.brickset.com/sets/images/7663-1.jpg",3801,2328
5842,"7664","1","Star Wars","Legends","2007","TIE Crawler",2,548,39.99,49.99,,,"https://images.brickset.com/sets/images/7664-1.jpg",2521,2853
5934,"7665","1","Star Wars","Episode I","2007","Republic Cruiser",5,919,69.99,89.99,,,"https://images.brickset.com/sets/images/7665-1.jpg",3764,3915
5935,"7666","1","Star Wars","Episode V","2007","Hoth Rebel Base",8,548,39.99,49.99,,,"https://images.brickset.com/sets/images/7666-1.jpg",4292,4073
5775,"7690","1","Space","Mars Mission","2007","MB-01 Eagle Command Base",8,760,68.49,89.99,,,"https://images.brickset.com/sets/images/7690-1.jpg",1075,1030
5776,"7691","1","Space","Mars Mission","2007","ETX Alien Mothership Assault ",7,434,39.99,49.99,,,"https://images.brickset.com/sets/images/7691-1.jpg",952,854
5777,"7692","1","Space","Mars Mission","2007","MX-71 Recon Dropship ",6,435,29.35,39.99,,,"https://images.brickset.com/sets/images/7692-1.jpg",1788,946
5778,"7693","1","Space","Mars Mission","2007","ETX Alien Strike",3,246,14.99,19.99,,,"https://images.brickset.com/sets/images/7693-1.jpg",1783,749
5779,"7694","1","Space","Mars Mission","2007","MT-31 Trike ",2,95,7.99,9.99,,,"https://images.brickset.com/sets/images/7694-1.jpg",2194,643
5780,"7695","1","Space","Mars Mission","2007","MX-11 Astro Fighter ",2,57,3.99,4.99,,,"https://images.brickset.com/sets/images/7695-1.jpg",2958,658
5781,"7697","1","Space","Mars Mission","2007","MT-51 Claw-Tank Ambush",3,374,19.99,29.99,,,"https://images.brickset.com/sets/images/7697-1.jpg",1529,764
5782,"7699","1","Space","Mars Mission","2007","MT-101 Armoured Drilling Unit",5,635,39.99,79.99,,,"https://images.brickset.com/sets/images/7699-1.jpg",1089,981
5811,"7714","1","Exo-Force","Golden City","2007","Golden Guardian",1,267,19.99,24.99,,,"https://images.brickset.com/sets/images/7714-1.jpg",1192,715
6087,"7721","1","Exo-Force","Golden City","2007","Combat Crawler X2",3,581,34.99,49.99,,,"https://images.brickset.com/sets/images/7721-1.jpg",494,695
5571,"7770","1","Aqua Raiders","","2007","Deep Sea Treasure Hunter",1,75,3.99,4.99,,,"https://images.brickset.com/sets/images/7770-1.jpg",3171,543
5572,"7771","1","Aqua Raiders","","2007","Angler Ambush",2,130,6.99,9.99,,,"https://images.brickset.com/sets/images/7771-1.jpg",2770,631
5573,"7772","1","Aqua Raiders","","2007","Lobster Strike",2,223,14.99,19.99,,,"https://images.brickset.com/sets/images/7772-1.jpg",1892,660
5574,"7773","1","Aqua Raiders","","2007","Tiger Shark Attack",2,339,19.99,29.99,,,"https://images.brickset.com/sets/images/7773-1.jpg",1944,775
5575,"7774","1","Aqua Raiders","","2007","Crab Crusher",3,590,34.99,49.99,,,"https://images.brickset.com/sets/images/7774-1.jpg",1636,926
5576,"7775","1","Aqua Raiders","","2007","Aquabase Invasion",5,840,49.99,69.99,,,"https://images.brickset.com/sets/images/7775-1.jpg",1422,1010
5577,"7776","1","Aqua Raiders","","2007","The Shipwreck",3,241,19.99,24.99,,,"https://images.brickset.com/sets/images/7776-1.jpg",1226,1041
5783,"7786","1","Batman","","2007","The Batcopter: The Chase for Scarecrow",2,293,29.99,29.99,,,"https://images.brickset.com/sets/images/7786-1.jpg",1096,1679
5784,"7787","1","Batman","","2007","The Bat-Tank: The Riddler and Bane's Hideout",3,645,39.99,49.99,,,"https://images.brickset.com/sets/images/7787-1.jpg",1031,1935
5745,"7871","1","Creator","","2007","Whale",,31,,,,,"https://images.brickset.com/sets/images/7871-1.jpg",704,386
5746,"7872","1","Creator","","2007","Animal Set",,57,,,,,"https://images.brickset.com/sets/images/7872-1.jpg",751,353
5747,"7873","1","Creator","","2007","Aeroplane Set",,38,,,,,"https://images.brickset.com/sets/images/7873-1.jpg",984,289
5748,"7875","1","Creator","","2007","Backhoe",,39,,,,,"https://images.brickset.com/sets/images/7875-1.jpg",564,364
5749,"7876","1","Creator","","2007","Cement Truck",,44,,3.99,,,"https://images.brickset.com/sets/images/7876-1.jpg",385,449
5556,"7906","1","City","Fire","2007","Fireboat",3,187,35.99,34.99,,,"https://images.brickset.com/sets/images/7906-1.jpg",2542,1353
5799,"7907","1","City","Seasonal","2007","City Advent Calendar",8,232,12.99,24.99,,,"https://images.brickset.com/sets/images/7907-1.jpg",1454,702
5557,"7942","1","City","Fire","2007","Off-Road Fire Rescue",1,131,9.99,9.99,12.99,11.99,"https://images.brickset.com/sets/images/7942-1.jpg",11503,901
5558,"7944","1","City","Fire","2007","Fire Hovercraft",3,274,24.99,29.99,,,"https://images.brickset.com/sets/images/7944-1.jpg",2353,1706
5559,"7945","1","City","Fire","2007","Fire Station",4,600,44.05,59.99,,,"https://images.brickset.com/sets/images/7945-1.jpg",4196,1382
5684,"7990","1","City","Traffic","2007","Cement Mixer",1,213,13.69,14.99,,,"https://images.brickset.com/sets/images/7990-1.jpg",6825,2081
5611,"7991","1","City","Traffic","2007","Recycle Truck",1,206,13.69,16.99,,,"https://images.brickset.com/sets/images/7991-1.jpg",7868,2120
5683,"7992","1","City","Harbour","2007","Container Stacker",1,218,14.65,19.99,,,"https://images.brickset.com/sets/images/7992-1.jpg",3510,2271
5612,"7993","1","City","Traffic","2007","Service Station",3,402,29.35,39.99,,,"https://images.brickset.com/sets/images/7993-1.jpg",3826,2773
5613,"7994","1","City","Harbour","2007","LEGO City Harbour",5,659,58.69,89.99,,,"https://images.brickset.com/sets/images/7994-1.jpg",2983,3036
5785,"7996","1","City","Trains","2007","Train Rail Crossing",,4,14.65,24.99,,,"https://images.brickset.com/sets/images/7996-1.jpg",1370,2157
5793,"7997","1","City","Trains","2007","Train Station",5,387,31.29,44.99,,,"https://images.brickset.com/sets/images/7997-1.jpg",2592,2856
5614,"7998","1","City","Traffic","2007","Heavy Hauler",1,332,34.99,34.99,,,"https://images.brickset.com/sets/images/7998-1.jpg",3512,2390
5578,"8100","1","Exo-Force","Golden City","2007","Cyclone Defender",1,92,4.99,7.99,,,"https://images.brickset.com/sets/images/8100-1.jpg",2320,493
5579,"8101","1","Exo-Force","Golden City","2007","Claw Crusher",1,99,4.99,7.99,,,"https://images.brickset.com/sets/images/8101-1.jpg",2292,541
5580,"8102","1","Exo-Force","Golden City","2007","Blade Titan",1,162,9.99,14.99,,,"https://images.brickset.com/sets/images/8102-1.jpg",2110,566
5581,"8103","1","Exo-Force","Golden City","2007","Sky Guardian",1,144,9.99,14.99,,,"https://images.brickset.com/sets/images/8103-1.jpg",2040,568
5582,"8104","1","Exo-Force","Golden City","2007","Shadow Crawler",2,161,9.99,14.99,,,"https://images.brickset.com/sets/images/8104-1.jpg",2005,547
5583,"8105","1","Exo-Force","Golden City","2007","Iron Condor",1,141,9.99,14.99,,,"https://images.brickset.com/sets/images/8105-1.jpg",1752,551
5786,"8106","1","Exo-Force","Golden City","2007","Aero Booster",1,312,19.99,29.99,,,"https://images.brickset.com/sets/images/8106-1.jpg",1345,730
5787,"8107","1","Exo-Force","Golden City","2007","Fight for the Golden Tower",2,571,34.99,49.99,,,"https://images.brickset.com/sets/images/8107-1.jpg",963,713
5788,"8108","1","Exo-Force","Golden City","2007","Mobile Devastator",13,1009,59.99,89.99,,,"https://images.brickset.com/sets/images/8108-1.jpg",834,797
5737,"8130","1","Racers","Tiny Turbos","2007","Terrain Crusher",,44,2.99,4.99,,,"https://images.brickset.com/sets/images/8130-1.jpg",1058,190
5735,"8131","1","Racers","Tiny Turbos","2007","Raceway Rider",,51,2.99,4.99,,,"https://images.brickset.com/sets/images/8131-1.jpg",1235,237
5734,"8132","1","Racers","Tiny Turbos","2007","Night Driver",,41,2.99,4.99,,,"https://images.brickset.com/sets/images/8132-1.jpg",1173,254
5736,"8133","1","Racers","Tiny Turbos","2007","Rally Rider",,51,2.99,4.99,,,"https://images.brickset.com/sets/images/8133-1.jpg",1187,231
5733,"8134","1","Racers","Tiny Turbos","2007","Night Crusher",,265,12.99,19.99,,,"https://images.brickset.com/sets/images/8134-1.jpg",640,285
5944,"8135","1","Racers","Tiny Turbos","2007","Bridge Chase",,542,29.99,39.99,,,"https://images.brickset.com/sets/images/8135-1.jpg",423,339
5694,"8136","1","Racers","Power Racers","2007","Fire Crusher",,65,6.99,10,,,"https://images.brickset.com/sets/images/8136-1.jpg",491,134
5695,"8137","1","Racers","Power Racers","2007","Booster Beast",,70,6.99,9.99,,,"https://images.brickset.com/sets/images/8137-1.jpg",503,137
5696,"8138","1","Racers","Power Racers","2007","Phantom Crasher",,85,6.99,10,,,"https://images.brickset.com/sets/images/8138-1.jpg",556,160
5697,"8139","1","Racers","Power Racers","2007","Night Blazer",,66,6.99,9.99,,,"https://images.brickset.com/sets/images/8139-1.jpg",529,137
5698,"8140","1","Racers","Power Racers","2007","Tow Trasher",,182,12.99,19.99,,,"https://images.brickset.com/sets/images/8140-1.jpg",370,169
5699,"8141","1","Racers","Power Racers","2007","Off-Road Power",,201,12.99,19.99,,,"https://images.brickset.com/sets/images/8141-1.jpg",441,180
5568,"8142","1","Racers","Ferrari","2007","Ferrari 248 F1 1:24",,167,14.99,19.99,,,"https://images.brickset.com/sets/images/8142-1.jpg",708,488
5569,"8143","1","Racers","Ferrari","2007","Ferrari F430 Challenge 1:17",,690,34.99,49.99,,,"https://images.brickset.com/sets/images/8143-1.jpg",1148,585
5570,"8144","1","Racers","Ferrari","2007","Ferrari 248 F1 Team (Michael Schumacher Edition)",8,726,49.99,69.99,,,"https://images.brickset.com/sets/images/8144-1.jpg",570,657
9019,"8144","2","Racers","Ferrari","2007","Ferrari 248 F1 Team (Kimi Räikkönen Edition)",8,726,,,,,"https://images.brickset.com/sets/images/8144-2.jpg",145,326
5615,"8145","1","Racers","Ferrari","2007","Ferrari 599 GTB Fiorano 1:10",,1327,79.99,109.99,,,"https://images.brickset.com/sets/images/8145-1.jpg",1095,1269
5945,"8146","1","Racers","Power Racers","2007","Nitro Muscle",,598,39.99,49.99,,,"https://images.brickset.com/sets/images/8146-1.jpg",405,351
5946,"8147","1","Racers","Tiny Turbos","2007","Bullet Run",,796,34.99,49.99,,,"https://images.brickset.com/sets/images/8147-1.jpg",507,412
5553,"8270","1","Technic","","2007","Rough Terrain Crane",,106,7.79,9.99,,,"https://images.brickset.com/sets/images/8270-1.jpg",1861,448
5554,"8271","1","Technic","","2007","Wheel Loader",,200,13.99,19.99,,,"https://images.brickset.com/sets/images/8271-1.jpg",1377,513
5555,"8272","1","Technic","","2007","Snowmobile",,331,19.99,29.99,,,"https://images.brickset.com/sets/images/8272-1.jpg",1609,739
5884,"8273","1","Technic","","2007","Off Road Truck",,805,34.99,49.99,,,"https://images.brickset.com/sets/images/8273-1.jpg",1411,990
5773,"8274","1","Technic","","2007","Combine Harvester",,1025,48.95,69.99,,,"https://images.brickset.com/sets/images/8274-1.jpg",1515,1552
5774,"8275","1","Technic","","2007","Motorized Bulldozer",,1384,97.85,149.99,,,"https://images.brickset.com/sets/images/8275-1.jpg",3707,2444
5877,"8910","1","Bionicle","Toa Mahri","2007","Toa Kongu",,74,7.99,9.99,,,"https://images.brickset.com/sets/images/8910-1.jpg",1746,597
5878,"8911","1","Bionicle","Toa Mahri","2007","Toa Jaller",,68,7.99,9.99,,,"https://images.brickset.com/sets/images/8911-1.jpg",2138,514
5879,"8912","1","Bionicle","Toa Mahri","2007","Toa Hewkii",,62,7.99,9.99,,,"https://images.brickset.com/sets/images/8912-1.jpg",1782,549
5880,"8913","1","Bionicle","Toa Mahri","2007","Toa Nuparu",,59,7.99,9.99,,,"https://images.brickset.com/sets/images/8913-1.jpg",1802,543
5881,"8914","1","Bionicle","Toa Mahri","2007","Toa Hahli",,59,7.99,9.99,,,"https://images.brickset.com/sets/images/8914-1.jpg",1866,543
5882,"8915","1","Bionicle","Toa Mahri","2007","Toa Matoro",,63,7.99,9.99,,,"https://images.brickset.com/sets/images/8915-1.jpg",1939,482
5722,"8916","1","Bionicle","Barraki","2007","Takadox",,62,7.99,9.99,,,"https://images.brickset.com/sets/images/8916-1.jpg",2155,439
5723,"8917","1","Bionicle","Barraki","2007","Kalmah",,53,7.99,9.99,,,"https://images.brickset.com/sets/images/8917-1.jpg",2173,445
5724,"8918","1","Bionicle","Barraki","2007","Carapar",,50,7.99,9.99,,,"https://images.brickset.com/sets/images/8918-1.jpg",1905,461
5725,"8919","1","Bionicle","Barraki","2007","Mantax",,58,7.99,9.99,,,"https://images.brickset.com/sets/images/8919-1.jpg",1899,486
5726,"8920","1","Bionicle","Barraki","2007","Ehlek",,54,7.99,9.99,,,"https://images.brickset.com/sets/images/8920-1.jpg",2239,476
5727,"8921","1","Bionicle","Barraki","2007","Pridak",,47,7.99,9.99,,,"https://images.brickset.com/sets/images/8921-1.jpg",2022,420
5976,"8922","1","Bionicle","Warriors","2007","Gadunka",,176,14.99,19.99,,,"https://images.brickset.com/sets/images/8922-1.jpg",1182,648
5975,"8923","1","Bionicle","Warriors","2007","Hydraxon",,165,14.99,19.99,,,"https://images.brickset.com/sets/images/8923-1.jpg",1205,680
5977,"8924","1","Bionicle","Warriors","2007","Maxilos and Spinax",,256,24.99,29.99,,,"https://images.brickset.com/sets/images/8924-1.jpg",1321,725
6089,"8925","1","Bionicle","Playsets","2007","Barraki Deepsea Patrol ",4,228,19.99,29.99,,,"https://images.brickset.com/sets/images/8925-1.jpg",479,424
6090,"8926","1","Bionicle","Playsets","2007","Toa Undersea Attack ",6,401,29.99,49.99,,,"https://images.brickset.com/sets/images/8926-1.jpg",401,442
6091,"8927","1","Bionicle","Playsets","2007","Toa Terrain Crawler ",10,674,39.99,69.99,,,"https://images.brickset.com/sets/images/8927-1.jpg",465,511
5728,"8929","1","Bionicle","Matoran","2007","Defilak",,37,3.99,4.99,,,"https://images.brickset.com/sets/images/8929-1.jpg",1496,427
5729,"8930","1","Bionicle","Matoran","2007","Dekar",,37,3.99,4.99,,,"https://images.brickset.com/sets/images/8930-1.jpg",1764,436
5730,"8931","1","Bionicle","Matoran","2007","Thulox",,39,3.99,5,,,"https://images.brickset.com/sets/images/8931-1.jpg",1369,434
5731,"8932","1","Bionicle","Matoran","2007","Morak",,40,3.99,4.99,,,"https://images.brickset.com/sets/images/8932-1.jpg",1438,413
5750,"8934","1","Bionicle","Accessories","2007","Squid Ammo",,7,1.99,1.99,,,"https://images.brickset.com/sets/images/8934-1.jpg",780,300
5764,"8935","1","Bionicle","Warriors","2007","Nocturn",,116,14.99,14.99,,,"https://images.brickset.com/sets/images/8935-1.jpg",1130,691
6127,"8939","1","Bionicle","Warriors","2007","Lesovikk",,149,14.99,19.99,,,"https://images.brickset.com/sets/images/8939-1.jpg",720,791
5980,"8940","1","Bionicle","Warriors","2007","Karzahni",,373,24.99,39.99,,,"https://images.brickset.com/sets/images/8940-1.jpg",574,759
6156,"9001","1","Education","","2007","Medium Storage Bin",,2,,96.5,,,8,28
5856,"9027","1","Education","","2007","Duplo Bulk Set",,144,,,,,"https://images.brickset.com/sets/images/9027-1.jpg",20,23
5846,"9213","1","Education","Duplo","2007","Dinosaurs Set",,95,,,,,"https://images.brickset.com/sets/images/9213-1.jpg",32,69
5847,"9214","1","Education","Duplo","2007","Wild Animals Set",,121,,,,,"https://images.brickset.com/sets/images/9214-1.jpg",20,60
5848,"9222","1","Education","Duplo","2007","World People Set",16,16,39.99,39.99,47.99,44.99,"https://images.brickset.com/sets/images/9222-1.jpg",56,56
5849,"9225","1","Education","Duplo","2007","Playhouse Set",5,120,,,,,"https://images.brickset.com/sets/images/9225-1.jpg",21,51
5850,"9226","1","Education","Duplo","2007","Hospital Set",6,97,,,,,"https://images.brickset.com/sets/images/9226-1.jpg",15,63
5851,"9227","1","Education","Duplo","2007","Farm Set",4,106,,,,,"https://images.brickset.com/sets/images/9227-1.jpg",18,35
5852,"9228","1","Education","Duplo","2007","Farm Animals Set",1,51,,,,,"https://images.brickset.com/sets/images/9228-1.jpg",13,36
5853,"9229","1","Education","Duplo","2007","Police Station Set",6,82,,,,,"https://images.brickset.com/sets/images/9229-1.jpg",15,36
5857,"9241","1","Education","","2007","Wheels Set",,360,,39.99,49.99,,"https://images.brickset.com/sets/images/9241-1.jpg",60,94
6456,"9310","1","Education","","2007","Dinosaurs Set",,,,,,,5,26
5854,"9322","1","Education","","2007","Town Developers Set",12,1860,,,,,"https://images.brickset.com/sets/images/9322-1.jpg",28,277
5855,"9324","1","Education","","2007","Micro Building Set",,1641,,,,,"https://images.brickset.com/sets/images/9324-1.jpg",18,192
5858,"9632","1","Education","","2007","Science and Technology Base Set",2,352,,,,,"https://images.brickset.com/sets/images/9632-1.jpg",41,106
22479,"9764","1","Miscellaneous","FIRST LEGO League","2007","FIRST LEGO League Challenge 2007 - Power Puzzle",1,,,,,,16,37
5859,"9797","1","Education","","2007","Mindstorms Education Base Set",,431,,250,,,"https://images.brickset.com/sets/images/9797-1.jpg",276,135
6111,"10178","1","Star Wars","Episode V","2007","Motorised Walking AT-AT",4,1137,89.99,129.99,159.99,,"https://images.brickset.com/sets/images/10178-1.jpg",4453,5038
5860,"10179","1","Star Wars","Ultimate Collector Series","2007","Ultimate Collector's Millennium Falcon",5,5197,342.49,499.99,,,"https://images.brickset.com/sets/images/10179-1.jpg",3623,9330
6032,"10181","1","Advanced Models","Buildings","2007","Eiffel Tower ",,3428,146.79,199.99,,,"https://images.brickset.com/sets/images/10181-1.jpg",1724,3947
5868,"10182","1","Advanced Models","Modular Buildings","2007","Cafe Corner",3,2056,88.09,139.99,,,"https://images.brickset.com/sets/images/10182-1.jpg",5392,9620
5864,"10183","1","Factory","Trains","2007","Hobby Trains",,1080,,100,,,"https://images.brickset.com/sets/images/10183-1.jpg",1244,1321
5978,"10190","1","Advanced Models","Modular Buildings","2007","Market Street",3,1248,59.99,89.99,,,"https://images.brickset.com/sets/images/10190-1.jpg",3300,5532
6152,"60030","1","Gear","Furniture","2007","Rolling Storage Box - Red/Yellow",,,,119.99,,,"https://images.brickset.com/sets/images/60030-1.jpg",13,69
6153,"60031","2","Gear","Storage","2007","Rolling Storage Box - Blue/Green",,,,119.99,,,"https://images.brickset.com/sets/images/60031-2.jpg",11,72
6119,"60040","1","Gear","Furniture","2007","Building Table",,,139.99,199.99,,,"https://images.brickset.com/sets/images/60040-1.jpg",13,105
6180,"60230","1","Gear","Stationery","2007","Bionicle Cartridge Pen",,,5.99,,,,"https://images.brickset.com/sets/images/60230-1.jpg",9,55
27293,"66149","1","Creator","","2007","Bonus Pack",,542,,,,,"https://images.brickset.com/sets/images/66149-1.jpg",3,6
6035,"66175","1","City","Product Collection","2007","City Essential Vehicles Collection",,526,,49.99,,,"https://images.brickset.com/sets/images/66175-1.jpg",63,319
6468,"66177","1","City","Product Collection","2007","City Rescue Pack",,467,,,,,"https://images.brickset.com/sets/images/66177-1.jpg",47,247
10801,"66187","1","Bionicle","Product Collection","2007","Bonus/Value Pack",,192,,,,,12,70
6462,"66188","1","Make and Create","Product Collection","2007","Bonus/Value Pack",,923,,,,,8,39
6464,"66189","1","Duplo","Product Collection","2007","Creative Building",,147,,,,,"https://images.brickset.com/sets/images/66189-1.jpg",7,17
6313,"66193","1","City","Product Collection","2007","City Medical Super Pack",,815,,,,,"https://images.brickset.com/sets/images/66193-1.jpg",64,363
6314,"66194","1","City","Product Collection","2007","City Super Pack",,1097,,,,,"https://images.brickset.com/sets/images/66194-1.jpg",89,416
6315,"66195","1","City","Product Collection","2007","City Super Pack",,496,,,,,"https://images.brickset.com/sets/images/66195-1.jpg",49,308
11275,"66198","1","Creator","Product Collection","2007","Bonus/Value Pack",,286,,,,,4,35
13360,"66201","1","Exo-Force","Product Collection","2007","Bonus/Value Pack",,509,,,,,4,44
13362,"66202","1","Exo-Force","Product Collection","2007","Bonus/Value Pack",,359,,,,,4,43
6186,"66208","1","Creator","Product Collection","2007","Mr. Magorium's Wonder Emporium",,323,,19.99,,,"https://images.brickset.com/sets/images/66208-1.jpg",161,216
6675,"66217","1","Duplo","Product Collection","2007","Bonus/Value Pack",,120,,,,,5,19
13309,"66231","1","Duplo","Product Collection","2007","Bonus/Value Pack",,42,,,,,5,10
13310,"66232","1","Duplo","Product Collection","2007","Bonus/Value Pack",,143,,,,,3,9
14069,"66234","1","Creator","Product Collection","2007","Bonus/Value Pack",,566,,,,,3,33
10805,"66235","1","Bionicle","Product Collection","2007","Bonus/Value Pack",,192,,,,,4,37
6312,"66239","1","City","Product Collection","2007","City Trains Super Set",,1267,,,,,"https://images.brickset.com/sets/images/66239-1.jpg",52,403
11712,"66265","1","City","Product Collection","2007","Bonus/Value Pack",,177,,,,,11,96
13318,"66332","1","Duplo","Product Collection","2007","Bonus/Value Pack",,40,,,,,4,9
6150,"850152","1","Gear","Key Chains/Brick","2007","Blue Brick Key Chain",,,3.99,4.99,,4.99,"https://images.brickset.com/sets/images/850152-1.jpg",232,76
6151,"850154","1","Gear","Key Chains/Brick","2007","Red Brick Key Chain",,,3.99,4.99,5.99,4.99,"https://images.brickset.com/sets/images/850154-1.jpg",357,74
6077,"850355","1","Gear","Key Chains/Star Wars","2007","Stormtrooper",,,2.99,4.99,5.49,3.99,"https://images.brickset.com/sets/images/850355-1.jpg",613,163
24527,"850355","2","Gear","Key Chains/Star Wars","2007","Stormtrooper",,,,,,,10,26
6719,"851197","1","Gear","Stationery","2007","Classic Calculator",,,3.89,,,,"https://images.brickset.com/sets/images/851197-1.jpg",32,55
5955,"851462","1","Gear","Key Chains/Star Wars","2007","Anakin",,,2.99,3.99,,,"https://images.brickset.com/sets/images/851462-1.jpg",168,167
6129,"851463","1","Gear","Key Chains/Star Wars","2007","Clone Trooper",,,2.95,3.99,,,"https://images.brickset.com/sets/images/851463-1.jpg",190,172
5956,"851464","1","Gear","Key Chains/Star Wars","2007","Chewbacca",,,2.99,4.99,5.49,3.99,"https://images.brickset.com/sets/images/851464-1.jpg",493,160
5898,"851501","1","Gear","Housewares","2007","Egg Timer",,,4.89,7.99,,,"https://images.brickset.com/sets/images/851501-1.jpg",170,189
6708,"851502","1","Gear","Housewares","2007","Ice Brick Tray - Yellow",,,3.89,7.99,,,"https://images.brickset.com/sets/images/851502-1.jpg",320,174
6036,"851524","1","Gear","Housewares","2007","Egg Cup Set",,,4.89,,,,"https://images.brickset.com/sets/images/851524-1.jpg",104,168
6740,"851537","1","Gear","Key Chains/City","2007","Firefighter Keychain",,,2.95,,,,"https://images.brickset.com/sets/images/851537-1.jpg",108,85
6135,"851591","1","Gear","Role-play toys","2007","Piraka Ball Shooter",,,,19.99,,,"https://images.brickset.com/sets/images/851591-1.jpg",23,68
5899,"851617","1","Gear","Housewares","2007","LEGOville Zoo Dinner Set",,,8.99,14.99,,,"https://images.brickset.com/sets/images/851617-1.jpg",18,23
6545,"851624","1","Gear","Clothing","2007","City Police Cap",,,7.49,,,,"https://images.brickset.com/sets/images/851624-1.jpg",18,64
5940,"851625","1","Gear","Role-play toys","2007","Toy Police Badge",,,4.99,,,,"https://images.brickset.com/sets/images/851625-1.jpg",12,68
5947,"851627","1","Gear","Key Chains/Miscellaneous","2007","Key Chain Name Kit",,,2.99,4.99,,,"https://images.brickset.com/sets/images/851627-1.jpg",183,154
5932,"851641","1","Gear","Trading/Playing cards","2007","City Memory Game",,,6.49,7.99,,,"https://images.brickset.com/sets/images/851641-1.jpg",40,72
6149,"851648","1","Gear","Stationery","2007","Magnetic Notepad",,,,4.99,,,"https://images.brickset.com/sets/images/851648-1.jpg",26,65
6709,"851652","1","Gear","Housewares","2007","Corkscrew & Bottle Opener",,,6.99,,,,"https://images.brickset.com/sets/images/851652-1.jpg",79,99
6722,"851680","1","Gear","Seasonal","2007","Santa Gift Wrap and Tags",,,1.95,,,,"https://images.brickset.com/sets/images/851680-1.jpg",65,35
6743,"851686","1","Gear","Key Chains/Batman","2007","Batman Keyring",,,2.99,,,,"https://images.brickset.com/sets/images/851686-1.jpg",240,152
5832,"851687","1","Gear","Key Chains/Batman","2007","Robin Key Chain",,,2.99,3.99,,,"https://images.brickset.com/sets/images/851687-1.jpg",177,134
5831,"851689","1","Gear","Magnets/Batman","2007","Catwoman Minifigure Magnet Set",,,7.49,12.99,,,"https://images.brickset.com/sets/images/851689-1.jpg",150,121
6037,"851757","1","Gear","Role-play toys","2007","Fire Extinguisher",,,4.99,,,,"https://images.brickset.com/sets/images/851757-1.jpg",15,47
6742,"851814","1","Gear","Key Chains/Batman","2007","The Joker Keyring",,,2.99,,,,"https://images.brickset.com/sets/images/851814-1.jpg",161,140
6741,"851815","1","Gear","Key Chains/Batman","2007","Catwoman Keyring",,,2.99,,,,"https://images.brickset.com/sets/images/851815-1.jpg",159,124
6136,"851821","1","Gear","Role-play toys","2007","Exo-Force Blaster",,,,14.99,,,"https://images.brickset.com/sets/images/851821-1.jpg",8,41
6132,"851831","1","Gear","Role-play toys","2007","Viking Helmet",,,,,,,"https://images.brickset.com/sets/images/851831-1.jpg",12,32
6137,"851836","1","Gear","Magnets/Exo-Force","2007","Exo-Force Magnet Set",,,,12.99,,,"https://images.brickset.com/sets/images/851836-1.jpg",58,56
5888,"851838","1","Gear","Key Chains/SpongeBob SquarePants","2007","SpongeBob Key Chain",,,2.99,4.99,,,"https://images.brickset.com/sets/images/851838-1.jpg",214,98
5889,"851839","1","Gear","Key Chains/SpongeBob SquarePants","2007","Patrick Key Chain",,,2.99,4.99,,,"https://images.brickset.com/sets/images/851839-1.jpg",127,90
6723,"851841","1","Gear","Seasonal","2007","Gift Wrap Santa Mini-Figure & Tree",,,1.95,,,,"https://images.brickset.com/sets/images/851841-1.jpg",23,33
6710,"851846","1","Gear","Housewares","2007","Coaster Set",,,7.35,,,,"https://images.brickset.com/sets/images/851846-1.jpg",99,121
6721,"851847","1","Gear","Board Games","2007","Ludo with Mini-Figures",,,24.99,,,,"https://images.brickset.com/sets/images/851847-1.jpg",57,98
6720,"851848","1","Gear","Board Games","2007","Tic Tac Toe",,,9.79,,,,"https://images.brickset.com/sets/images/851848-1.jpg",127,108
5890,"851853","1","Gear","Key Chains/SpongeBob SquarePants","2007","Mr. Krabs Key Chain",,,2.95,3.99,,,"https://images.brickset.com/sets/images/851853-1.jpg",107,86
5894,"851854","1","Gear","Magnets/SpongeBob SquarePants","2007","SpongeBob Minifigure Magnet Set",,,7.49,12.99,,,"https://images.brickset.com/sets/images/851854-1.jpg",116,70
6712,"851855","1","Gear","Stationery","2007","Classic LEGO Gift Wrap",,,,,,,"https://images.brickset.com/sets/images/851855-1.jpg",13,37
6139,"851868","1","Gear","Role-play toys","2007","Princess Crown",,,,7.99,,,"https://images.brickset.com/sets/images/851868-1.jpg",6,19
5930,"851873","1","Gear","Role-play toys","2007","Picnic Tea Set",,,,,,,"https://images.brickset.com/sets/images/851873-1.jpg",4,17
5910,"851875","1","Gear","Role-play toys","2007","Sword Takadox",,,3.99,9.99,,,"https://images.brickset.com/sets/images/851875-1.jpg",12,70
6134,"851876","1","Gear","Role-play toys","2007","Takadox Mask",,,,9.99,,,"https://images.brickset.com/sets/images/851876-1.jpg",5,51
5929,"851877","1","Gear","Role-play toys","2007","Barraki Pump Action Water Gun",,,12.99,24.99,,,"https://images.brickset.com/sets/images/851877-1.jpg",19,62
5909,"851878","1","Gear","Role-play toys","2007","Splashy Barraki Squid",,,3.99,7.99,,,"https://images.brickset.com/sets/images/851878-1.jpg",20,61
5908,"851893","1","Gear","Role-play toys","2007","Exo-Force Rocket Launcher",,,9.99,16.99,,,"https://images.brickset.com/sets/images/851893-1.jpg",12,36
5959,"851894","1","Gear","Role-play toys","2007","King's Sword",,,4.89,9.99,,,"https://images.brickset.com/sets/images/851894-1.jpg",36,49
5927,"851895","1","Gear","Role-play toys","2007","King's Cape with Fur",,,8.99,14.99,,,"https://images.brickset.com/sets/images/851895-1.jpg",11,37
5928,"851896","1","Gear","Role-play toys","2007","King's Crown",,,6.85,12.99,,,"https://images.brickset.com/sets/images/851896-1.jpg",15,42
5911,"851897","1","Gear","Housewares","2007","Fire Department Drinking Bottle",,,5.99,,,,"https://images.brickset.com/sets/images/851897-1.jpg",6,48
5912,"851898","1","Gear","Role-play toys","2007","Fire Axe",,,3.99,,,,"https://images.brickset.com/sets/images/851898-1.jpg",14,48
5913,"851899","1","Gear","Role-play toys","2007","City Police Flashlight",,,4.89,9.99,,,"https://images.brickset.com/sets/images/851899-1.jpg",12,54
5914,"851901","1","Gear","Role-play toys","2007","City Police Megaphone",,,6.85,11.99,,,"https://images.brickset.com/sets/images/851901-1.jpg",14,63
5904,"851902","1","Gear","Role-play toys","2007","City Police Investigator Set",,,7.79,14.99,,,"https://images.brickset.com/sets/images/851902-1.jpg",11,70
5905,"851903","1","Gear","Bags","2007","LEGO Brick Backpack Blue",,,13.69,19.99,,13.99,"https://images.brickset.com/sets/images/851903-1.jpg",95,141
5922,"851904","1","Gear","Bags","2007","Brick Wallet Blue",,,4.99,6.99,,,"https://images.brickset.com/sets/images/851904-1.jpg",23,81
5923,"851905","1","Gear","Bags","2007","LEGO Brick Sports Bag Blue",,,14.65,24.99,,,"https://images.brickset.com/sets/images/851905-1.jpg",43,150
6038,"851906","1","Gear","Stationery","2007","Activity Planner",,,7.99,,,,"https://images.brickset.com/sets/images/851906-1.jpg",18,67
5925,"851908","1","Gear","Housewares","2007","Key Rack",,,12.69,19.99,,,"https://images.brickset.com/sets/images/851908-1.jpg",114,140
5957,"851910","1","Gear","Stationery","2007","Classic Stripes Pink Stationery Set",,,3.89,7.99,,,"https://images.brickset.com/sets/images/851910-1.jpg",15,23
5958,"851911","1","Gear","Stationery","2007","Classic Stripes Blue Stationery Set",,,3.89,7.99,,,"https://images.brickset.com/sets/images/851911-1.jpg",28,36
6138,"851915","1","Gear","Housewares","2007","LEGO Brick Cake / Jelly Mould",,,7.85,14.99,,,"https://images.brickset.com/sets/images/851915-1.jpg",163,199
6085,"851917","1","Gear","Storage","2007","Storage Tray Unit",,,34.99,49.99,,,"https://images.brickset.com/sets/images/851917-1.jpg",109,236
5924,"851918","1","Gear","Bags","2007","LEGO Brick Lunch Bag Blue",,,9.99,17.99,,,"https://images.brickset.com/sets/images/851918-1.jpg",32,112
5960,"851931","1","Gear","Role-play toys","2007","Pirate Cleaver",,,3.99,,,,"https://images.brickset.com/sets/images/851931-1.jpg",14,44
5961,"851933","1","Gear","Role-play toys","2007","Pirate Sword",,,3.99,9.99,,,"https://images.brickset.com/sets/images/851933-1.jpg",23,45
5962,"851935","1","Gear","Role-play toys","2007","Splash Cannon Balls",,,3.99,,,,"https://images.brickset.com/sets/images/851935-1.jpg",10,49
5926,"851936","1","Gear","Miscellaneous","2007","Treasure Chest Coin Bank",,,5.99,,,,"https://images.brickset.com/sets/images/851936-1.jpg",9,70
5948,"851937","1","Gear","Key Chains/Star Wars","2007","Astromech Droid",,,2.95,3.99,,,"https://images.brickset.com/sets/images/851937-1.jpg",252,182
5915,"851938","1","Gear","Key Chains/Star Wars","2007","Princess Leia",,,2.99,3.99,,,"https://images.brickset.com/sets/images/851938-1.jpg",289,169
5895,"851939","1","Gear","Magnets/Star Wars","2007","Star Wars Magnet Set",,,7.49,12.99,,,"https://images.brickset.com/sets/images/851939-1.jpg",383,156
6133,"851941","1","Gear","Role-play toys","2007","Viking Cape",,,,,,,"https://images.brickset.com/sets/images/851941-1.jpg",5,33
5931,"851942","1","Gear","Role-play toys","2007","Viking Armour",,,14.99,,,,"https://images.brickset.com/sets/images/851942-1.jpg",6,39
6068,"851949","1","Gear","Role-play toys","2007","King's Shield",,,5.99,9.99,14.99,,"https://images.brickset.com/sets/images/851949-1.jpg",27,43
6039,"851950","1","Gear","Bags","2007","LEGO Brick Backpack Pink",,,13.69,19.99,,,"https://images.brickset.com/sets/images/851950-1.jpg",40,42
5963,"851951","1","Gear","Housewares","2007","Classic Stripes Plastic Tumblers",,,9.99,17,,,"https://images.brickset.com/sets/images/851951-1.jpg",58,54
6063,"851954","1","Gear","Stationery","2007","Aqua Raiders Stationery Set",,,3.99,6.99,,,"https://images.brickset.com/sets/images/851954-1.jpg",10,36
6064,"851955","1","Gear","Role-play toys","2007","Aqua Raiders Water Blaster",,,6.99,16.99,,,"https://images.brickset.com/sets/images/851955-1.jpg",13,49
6075,"851958","1","Gear","Stationery","2007","Secret Diary Plush",,,6.85,,,,"https://images.brickset.com/sets/images/851958-1.jpg",3,18
6040,"851960","1","Gear","Stationery","2007","Duplo Zoo Sticker Sheet",,,1.99,,,,"https://images.brickset.com/sets/images/851960-1.jpg",4,15
6074,"851970","1","Gear","Stationery","2007","Belville Stationery Set",,,3.99,,,,"https://images.brickset.com/sets/images/851970-1.jpg",5,15
6041,"851973","1","Gear","Housewares","2007","Belville Ice Cube Tray",,,3.89,7.99,,,"https://images.brickset.com/sets/images/851973-1.jpg",41,28
6065,"851974","1","Gear","Stationery","2007","Bionicle Stationery Set",,,3.89,7.99,,,"https://images.brickset.com/sets/images/851974-1.jpg",12,48
6066,"851975","1","Gear","Role-play toys","2007","Toa Mahri Dart Shooter",,,3.89,24.99,,,"https://images.brickset.com/sets/images/851975-1.jpg",28,82
6042,"851976","1","Gear","Stationery","2007","Lenticular Bionicle Notebook",,,,7.99,,,"https://images.brickset.com/sets/images/851976-1.jpg",14,53
6043,"851988","1","Gear","Miscellaneous","2007","Duplo Zoo Height Chart",,,5.85,9.99,,,"https://images.brickset.com/sets/images/851988-1.jpg",6,15
6076,"851994","1","Gear","Stationery","2007","Manga Tutorial Set",,,3.89,,,,"https://images.brickset.com/sets/images/851994-1.jpg",7,31
6044,"851999","1","Gear","Key Chains/Harry Potter","2007","Hagrid Key Chain",,,2.99,3.99,,,"https://images.brickset.com/sets/images/851999-1.jpg",135,104
6045,"852000","1","Gear","Key Chains/Harry Potter","2007","Hermione Key Chain",,,2.99,3.99,,,"https://images.brickset.com/sets/images/852000-1.jpg",111,93
6071,"852001","1","Gear","Board Games","2007","Castle Chess Set",24,,29.99,49.99,,,"https://images.brickset.com/sets/images/852001-1.jpg",607,486
6046,"852003","1","Gear","Role-play toys","2007","Castle Skeleton Sword",,,4.89,9.99,,,"https://images.brickset.com/sets/images/852003-1.jpg",21,52
6047,"852004","1","Gear","Role-play toys","2007","Castle Skeleton Shield",,,5.99,9.99,,,"https://images.brickset.com/sets/images/852004-1.jpg",14,49
6070,"852005","1","Gear","Role-play toys","2007","Knight Hero Helmet",,,4.89,,,,"https://images.brickset.com/sets/images/852005-1.jpg",18,45
6048,"852007","1","Gear","Role-play toys","2007","Knight's Shield",,,5.99,9.99,,,"https://images.brickset.com/sets/images/852007-1.jpg",23,49
6069,"852008","1","Gear","Role-play toys","2007","Knight Hero Armour",,,14.65,,,,"https://images.brickset.com/sets/images/852008-1.jpg",17,47
6049,"852009","1","Gear","Magnets/Castle","2007","Castle Minifigure Magnet Set",,,5.99,12.99,,,"https://images.brickset.com/sets/images/852009-1.jpg",79,82
6073,"852011","1","Gear","Stationery","2007","LEGO City Stationery Set",,,4.89,9.99,,,"https://images.brickset.com/sets/images/852011-1.jpg",12,43
6050,"852012","1","Gear","Magnets/City","2007","City Minifigure Magnet Set",,,5.99,12.99,,,"https://images.brickset.com/sets/images/852012-1.jpg",54,79
6072,"852015","1","Gear","Clothing","2007","Construction Worker Vest",,,6.99,,,,"https://images.brickset.com/sets/images/852015-1.jpg",10,45
6154,"852017","1","Gear","Stationery","2007","Foldable Ruler",,,1.99,3.99,,,"https://images.brickset.com/sets/images/852017-1.jpg",19,63
5965,"852018","1","Gear","Housewares","2007","Classic Stripes Towel",,,7.79,14.99,,,"https://images.brickset.com/sets/images/852018-1.jpg",29,39
6114,"852019","1","Gear","Role-play toys","2007","Space Hero Air Blaster",,,9.99,19.99,,,"https://images.brickset.com/sets/images/852019-1.jpg",21,65
6370,"852020","1","Gear","Role-play toys","2007","Space Hero Suit",,,,24.99,,,"https://images.brickset.com/sets/images/852020-1.jpg",14,48
6051,"852021","1","Gear","Key Chains/SpongeBob SquarePants","2007","Squidward Key Chain",,,2.95,3.99,,,"https://images.brickset.com/sets/images/852021-1.jpg",87,74
5941,"852026","1","Gear","Clothing","2007","DUPLO White Children's T-shirt",,,,,,,"https://images.brickset.com/sets/images/852026-1.jpg",4,11
5942,"852028","1","Gear","Clothing","2007","DUPLO Beige Bucket Hat",,,6.99,,,,"https://images.brickset.com/sets/images/852028-1.jpg",6,12
5939,"852037","1","Gear","Clothing","2007","Exo-Force Navy Children's T-shirt",,,,,,,"https://images.brickset.com/sets/images/852037-1.jpg",5,19
5938,"852038","1","Gear","Clothing","2007","Exo-Force Turquoise Children's T-shirt",,,,,,,"https://images.brickset.com/sets/images/852038-1.jpg",6,18
5937,"852043","1","Gear","Clothing","2007","Grey Racers Cap",,,7.99,,,,"https://images.brickset.com/sets/images/852043-1.jpg",6,25
6052,"852053","1","Gear","Clothing","2007","Bionicle Barraki Children's T-shirt",,,,,,,"https://images.brickset.com/sets/images/852053-1.jpg",5,52
5967,"852054","1","Gear","Clothing","2007","Bionicle Ehlek Children's T-shirt",,,,,,,"https://images.brickset.com/sets/images/852054-1.jpg",5,54
6053,"852064","1","Gear","Clothing","2007","Classic Yellow Children's T-Shirt",,,,,,,"https://images.brickset.com/sets/images/852064-1.jpg",18,91
6054,"852066","1","Gear","Clothing","2007","Classic Women's White Slimfit Polo",,,,,,,"https://images.brickset.com/sets/images/852066-1.jpg",10,24
6055,"852068","1","Gear","Clothing","2007","Classic Men's White Polo",,,,,,,"https://images.brickset.com/sets/images/852068-1.jpg",29,36
5916,"852080","1","Gear","Key Chains/Batman","2007","Two-Face Key Chain",,,2.99,3.99,,,"https://images.brickset.com/sets/images/852080-1.jpg",140,134
5917,"852081","1","Gear","Key Chains/Batman","2007","The Penguin Key Chain",,,2.99,3.99,,,"https://images.brickset.com/sets/images/852081-1.jpg",162,120
6711,"852084","1","Gear","Housewares","2007","Classic Stripes Melamine Plates",,,7.79,,,,"https://images.brickset.com/sets/images/852084-1.jpg",43,32
5918,"852085","1","Gear","Magnets/Star Wars","2007","Star Wars Magnet Set",,,7.49,12.99,,,"https://images.brickset.com/sets/images/852085-1.jpg",442,151
6168,"852086","1","Gear","Magnets/Star Wars","2007","Star Wars Magnet Set: Darth Maul, Anakin and Naboo Fighter Pilot",,,7.49,12.99,,,"https://images.brickset.com/sets/images/852086-1.jpg",317,147
6067,"852088","1","Gear","Role-play toys","2007","Castle Skeleton Armour",,,14.99,,,,"https://images.brickset.com/sets/images/852088-1.jpg",10,49
6056,"852089","1","Gear","Magnets/Batman","2007","Mr Freeze Minifigure Magnet Set",,,7.49,12.99,,,"https://images.brickset.com/sets/images/852089-1.jpg",140,121
6057,"852090","1","Gear","Key Chains/Batman","2007","Riddler Key Chain",,,2.95,3.99,,,"https://images.brickset.com/sets/images/852090-1.jpg",142,124
6058,"852091","1","Gear","Key Chains/Harry Potter","2007","Harry Potter Key Chain",,,2.99,3.99,,,"https://images.brickset.com/sets/images/852091-1.jpg",96,91
5949,"852095","1","Gear","Key Chains/Brick","2007","Yellow Brick Key Chain",,,3.99,4.99,,4.99,"https://images.brickset.com/sets/images/852095-1.jpg",216,69
5950,"852096","1","Gear","Key Chains/Brick","2007","Green Brick Key Chain",,,2.99,4.99,,,"https://images.brickset.com/sets/images/852096-1.jpg",166,71
5951,"852097","1","Gear","Key Chains/Brick","2007","Orange Brick Key Chain",,,2.99,4.99,,1.99,"https://images.brickset.com/sets/images/852097-1.jpg",154,79
5952,"852098","1","Gear","Key Chains/Brick","2007","Black Brick Key Chain",,,2.99,4.99,5.99,,"https://images.brickset.com/sets/images/852098-1.jpg",233,81
5953,"852099","1","Gear","Key Chains/Brick","2007","Lime Green Brick Key Chain",,,2.99,4.99,5.99,,"https://images.brickset.com/sets/images/852099-1.jpg",145,72
5954,"852100","1","Gear","Key Chains/Brick","2007","White Brick Key Chain",,,2.95,4.99,,,"https://images.brickset.com/sets/images/852100-1.jpg",91,68
6184,"852113","1","Gear","Key Chains/Star Wars","2007","Millennium Falcon Bag Charm",,,5.99,9.99,,,"https://images.brickset.com/sets/images/852113-1.jpg",510,309
6182,"852114","1","Gear","Key Chains/Star Wars","2007","Y-wing Fighter Bag Charm",,,5.85,9.99,,,"https://images.brickset.com/sets/images/852114-1.jpg",390,195
6181,"852115","1","Gear","Key Chains/Star Wars","2007","Vader's TIE Fighter Bag Charm",,,5.85,9.99,,,"https://images.brickset.com/sets/images/852115-1.jpg",442,220
6206,"852116","1","Gear","Seasonal","2007","Santa Gift Bag",,,,4.99,,,"https://images.brickset.com/sets/images/852116-1.jpg",9,37
6371,"852117","1","Gear","Seasonal","2007","LEGO City Gift Bag",,,,4.99,,,"https://images.brickset.com/sets/images/852117-1.jpg",9,50
6160,"852119","1","Gear","Magnets/Seasonal","2007","Santa Magnet Set",1,,3.99,5.99,,,"https://images.brickset.com/sets/images/852119-1.jpg",174,103
6159,"852124","1","Gear","Seasonal","2007","Santa Stocking",,,6.35,9.99,,,"https://images.brickset.com/sets/images/852124-1.jpg",74,46
6163,"852129","1","Gear","Key Chains/Star Wars","2007","Emperor Palpatine",,,2.95,4.99,,,"https://images.brickset.com/sets/images/852129-1.jpg",287,166
6161,"852130","1","Gear","Key Chains/Batman","2007","Scarecrow Key Chain",,,2.99,3.99,,,"https://images.brickset.com/sets/images/852130-1.jpg",171,145
6162,"852131","1","Gear","Key Chains/Batman","2007","Mr. Freeze Key Chain",,,2.95,3.99,,,"https://images.brickset.com/sets/images/852131-1.jpg",129,129
6167,"852132","1","Gear","Board Games","2007","Castle Tic Tac Toe",10,,9.79,14.99,,,"https://images.brickset.com/sets/images/852132-1.jpg",331,258
6204,"852133","1","Gear","Seasonal","2007","Santa Holiday Cards",,,,9.99,,,"https://images.brickset.com/sets/images/852133-1.jpg",31,44
10242,"2000410","1","Serious Play","","2007","LSP Window 2",,,,,,,"https://images.brickset.com/sets/images/2000410-1.jpg",9,41
5772,"4285303","1","Gear","Watches/Clocks","2007","Bionicle Clock",,,,,,,"https://images.brickset.com/sets/images/4285303-1.jpg",11,100
5833,"4297455","1","Gear","Miscellaneous","2007","Football",,,,,,,"https://images.brickset.com/sets/images/4297455-1.jpg",7,43
5900,"4494715","1","Gear","Housewares","2007","LEGO Corkscrew & Bottle Opener",,,6.99,,,,"https://images.brickset.com/sets/images/4494715-1.jpg",68,110
5966,"4498051","1","Gear","Magnets/Football","2007","Football Magnet Set",,,4.99,,,,"https://images.brickset.com/sets/images/4498051-1.jpg",32,58
8654,"4521221","1","Star Wars","Minifig Pack","2007","Gold chrome plated C-3PO",1,1,0,0,,,"https://images.brickset.com/sets/images/4521221-1.jpg",491,1781
6205,"4524081","1","Mindstorms","NXT","2007","Mindstorms NXT CD",,1,,19.99,,,"https://images.brickset.com/sets/images/4524081-1.jpg",120,83
23217,"DUCK","1","Promotional","LEGO brand stores","2007","Duck",,6,,,,,"https://images.brickset.com/sets/images/DUCK-1.jpg",10,54
7738,"DUCK75","1","Promotional","LEGO brand stores","2007","75th Anniversary LEGO Duck on Wheels",,44,0,0,,,"https://images.brickset.com/sets/images/DUCK75-1.jpg",43,77
5964,"EL913","1","Gear","Housewares","2007","Classic Calculator",,,,4.99,,,"https://images.brickset.com/sets/images/EL913-1.jpg",34,60
9461,"GGSW001","1","Gear","Miscellaneous","2007","Blackhole Stormtrooper Maquette (Gentle Giant)",,,,64.99,,,"https://images.brickset.com/sets/images/GGSW001-1.jpg",22,88
9462,"GGSW002","1","Gear","Miscellaneous","2007","Darth Vader Maquette (Gentle Giant)",,,,64.99,,,"https://images.brickset.com/sets/images/GGSW002-1.jpg",31,99
9463,"GGSW003","1","Gear","Miscellaneous","2007","Stormtrooper Maquette (Gentle Giant)",,,,64.99,,,"https://images.brickset.com/sets/images/GGSW003-1.jpg",29,92
9464,"GGSW004","1","Gear","Miscellaneous","2007","Boba Fett Maquette (Gentle Giant)",,,,64.99,,,"https://images.brickset.com/sets/images/GGSW004-1.jpg",45,104
6302,"GGSW005","1","Gear","Miscellaneous","2007","Luke Skywalker Pilot Maquette",,,,19.99,,,"https://images.brickset.com/sets/images/GGSW005-1.jpg",283,174
6299,"HEROWII","1","Gear","Video Games/Wii","2007","BIONICLE Heroes",,,,,,,"https://images.brickset.com/sets/images/HEROWII-1.jpg",71,75
25709,"ISBN1593271374","1","Books","No Starch Press","2007","Forbidden LEGO",,,,,,,"https://images.brickset.com/sets/images/ISBN1593271374-1.jpg",76,38
25719,"ISBN1593271506","1","Books","No Starch Press","2007","The LEGO MINDSTORMS NXT Idea Book: Design, Invent, and Build",,,,,,,"https://images.brickset.com/sets/images/ISBN1593271506-1.jpg",13,23
25718,"ISBN1593271549","1","Books","No Starch Press","2007","The Unofficial LEGO MINDSTORMS NXT Inventor's Guide",,,,,,,"https://images.brickset.com/sets/images/ISBN1593271549-1.jpg",14,25
6178,"K851951","1","Gear","Housewares","2007","Classic Picnic Set",,,19.99,,,,"https://images.brickset.com/sets/images/K851951-1.jpg",8,41
6177,"K851988","1","Gear","Miscellaneous","2007","DUPLO Height Chart with Zoo Sticker Set",,,7.98,,,,"https://images.brickset.com/sets/images/K851988-1.jpg",6,17
22779,"LIT2007","1","Miscellaneous","LEGO Inside Tour Exclusive","2007","Market Street",,1248,,,,,"https://images.brickset.com/sets/images/LIT2007-1.jpg",75,439
5751,"MS1038","1","Mindstorms","NXT","2007","Colour Sensor for Mindstorms NXT",,1,36.99,54.99,69.99,,"https://images.brickset.com/sets/images/MS1038-1.jpg",93,154
5867,"MS1040","1","Mindstorms","NXT","2007","Accelerometer Sensor for Mindstorms NXT",,1,36.99,54.99,69.99,,"https://images.brickset.com/sets/images/MS1040-1.jpg",96,180
6166,"MS1042","1","Mindstorms","NXT","2007","Infrared Seeker",,1,39.99,49.99,69.99,,"https://images.brickset.com/sets/images/MS1042-1.jpg",59,149
6185,"MS1044","1","Mindstorms","NXT","2007","Gyroscopic Sensor",,1,49.99,54.99,69.99,,"https://images.brickset.com/sets/images/MS1044-1.jpg",95,162
6367,"MS1046","1","Mindstorms","NXT","2007","Infrared Link Sensor",,1,39.99,54.99,69.99,,"https://images.brickset.com/sets/images/MS1046-1.jpg",97,127
6308,"NDS061","1","Gear","Video Games/DS","2007","LEGO Star Wars: The Complete Saga",,,,34.99,,,"https://images.brickset.com/sets/images/NDS061-1.jpg",626,77
6124,"P2155","1","Gear","Pens","2007","Darth Vader Connect & Build Pen",,,,9.99,,,"https://images.brickset.com/sets/images/P2155-1.jpg",212,78
6126,"P2156","1","Gear","Pens","2007","Yoda Connect & Build Pen",,,,9.99,,,"https://images.brickset.com/sets/images/P2156-1.jpg",197,75
6125,"P2157","1","Gear","Pens","2007","R2-D2 Connect & Build Pen",,,,9.99,,,"https://images.brickset.com/sets/images/P2157-1.jpg",150,79
6123,"P2158","1","Gear","Pens","2007","Chewbacca Connect & Build Pen",,,,9.99,,,"https://images.brickset.com/sets/images/P2158-1.jpg",148,72
23218,"PENGUIN","1","Promotional","LEGO brand stores","2007","Penguin",,9,,,,,"https://images.brickset.com/sets/images/PENGUIN-1.jpg",5,57
9413,"PROMOSW004","1","Star Wars","Minifig Pack","2007","Star Wars Celebration IV Exclusive",,26,,49.99,,,37,437
6309,"PS3038","1","Gear","Video Games/PS3","2007","LEGO Star Wars: The Complete Saga",,,,49.99,,,"https://images.brickset.com/sets/images/PS3038-1.jpg",541,88
6140,"S020","1","Gear","Clothing","2007","Classic Skate Sneaker – Brown",,,,34.99,,,"https://images.brickset.com/sets/images/S020-1.jpg",4,49
6109,"S035","1","Gear","Clothing","2007","Bionicle Mesh Sport Sneaker - Red",,,,39.99,,,6,43
6146,"TS26","1","Gear","Clothing","2007","Bionicle Piraka T-Shirt",,,,14.99,,,"https://images.brickset.com/sets/images/TS26-1.jpg",10,53
6148,"TS41","1","Gear","Clothing","2007","Star Wars Original Trilogy T-Shirt",,,,14.99,,,"https://images.brickset.com/sets/images/TS41-1.jpg",52,92
6145,"TS43","1","Gear","Clothing","2007","Star Wars Classic Battle T-Shirt",,,,14.99,,,"https://images.brickset.com/sets/images/TS43-1.jpg",39,96
6144,"TS44","1","Gear","Clothing","2007","Star Wars Lord Vader T-Shirt",,,,14.99,,,"https://images.brickset.com/sets/images/TS44-1.jpg",67,90
6143,"TS45","1","Gear","Clothing","2007","Star Wars Master Yoda T-Shirt",,,,14.99,,,"https://images.brickset.com/sets/images/TS45-1.jpg",24,81
6142,"TS46","1","Gear","Clothing","2007","Star Wars Kenobi vs. Vader T-Shirt",,,,14.99,,,"https://images.brickset.com/sets/images/TS46-1.jpg",26,87
5973,"TS59","1","Gear","Clothing","2007","Bionicle Barraki Kalmah T-Shirt",,,,14.99,,,"https://images.brickset.com/sets/images/TS59-1.jpg",13,56
6392,"TS62","1","Gear","Clothing","2007","Star Wars Classic Characters T-shirt",,,,14.99,,,"https://images.brickset.com/sets/images/TS62-1.jpg",21,87
6393,"TS64","1","Gear","Clothing","2007","Star Wars Beware of the Dark Side T-shirt",,,,19.99,,,"https://images.brickset.com/sets/images/TS64-1.jpg",20,85
6372,"W004","1","Gear","Watches/Clocks","2007","R2-D2 Watch",,,14.99,19.99,,,"https://images.brickset.com/sets/images/W004-1.jpg",114,79
6373,"W005","1","Gear","Watches/Clocks","2007","Darth Vader Watch",,,14.99,19.99,,,"https://images.brickset.com/sets/images/W005-1.jpg",173,86
6374,"W006","1","Gear","Watches/Clocks","2007","Luke Skywalker Watch",,,14.99,19.99,29.99,,"https://images.brickset.com/sets/images/W006-1.jpg",96,82
6391,"W007","1","Gear","Watches/Clocks","2007","Clone Trooper Watch",,,14.99,19.99,,,"https://images.brickset.com/sets/images/W007-1.jpg",76,88
6310,"WII063","1","Gear","Video Games/Wii","2007","LEGO Star Wars: The Complete Saga",,,,49.99,,,"https://images.brickset.com/sets/images/WII063-1.jpg",1192,87
6311,"XB3076","1","Gear","Video Games/Xbox 360","2007","LEGO Star Wars: The Complete Saga",,,,49.99,,,"https://images.brickset.com/sets/images/XB3076-1.jpg",576,80
